mp_name,constituency,candidate_backed,declared_date,days_from_open,source_url,confidence
Debbie Abrahams,Oldham East and Saddleworth,Andy Burnham,2026-07-09,0,http://web.archive.org/web/20260709185456/https://labour.org.uk/labour-leadership-2026/labour-leadership-2026-plp-nominations/,medium
Dr Zubir Ahmed,Glasgow South West,Andy Burnham,2026-07-09,0,http://web.archive.org/web/20260709185456/https://labour.org.uk/labour-leadership-2026/labour-leadership-2026-plp-nominations/,medium
Luke Akehurst,North Durham,Andy Burnham,2026-07-09,0,http://web.archive.org/web/20260709185456/https://labour.org.uk/labour-leadership-2026/labour-leadership-2026-plp-nominations/,medium
Bayo Alaba,Southend East and Rochford,Andy Burnham,2026-07-09,0,http://web.archive.org/web/20260709185456/https://labour.org.uk/labour-leadership-2026/labour-leadership-2026-plp-nominations/,medium
Dan Aldridge,Weston-super-Mare,Andy Burnham,2026-07-09,0,http://web.archive.org/web/20260709185456/https://labour.org.uk/labour-leadership-2026/labour-leadership-2026-plp-nominations/,medium
Douglas Alexander,Lothian East,Andy Burnham,2026-07-09,0,http://web.archive.org/web/20260709185456/https://labour.org.uk/labour-leadership-2026/labour-leadership-2026-plp-nominations/,medium
Heidi Alexander,Swindon South,Andy Burnham,2026-07-09,0,http://web.archive.org/web/20260709185456/https://labour.org.uk/labour-leadership-2026/labour-leadership-2026-plp-nominations/,medium
Sadik Al-Hassan,North Somerset,Andy Burnham,2026-07-09,0,http://web.archive.org/web/20260709185456/https://labour.org.uk/labour-leadership-2026/labour-leadership-2026-plp-nominations/,medium
Rushanara Ali,Bethnal Green and Stepney,Andy Burnham,2026-07-09,0,http://web.archive.org/web/20260709185456/https://labour.org.uk/labour-leadership-2026/labour-leadership-2026-plp-nominations/,medium
Dr Rosena Allin-Khan,Tooting,Andy Burnham,2026-07-09,0,http://web.archive.org/web/20260709185456/https://labour.org.uk/labour-leadership-2026/labour-leadership-2026-plp-nominations/,medium
Callum Anderson,Buckingham and Bletchley,Andy Burnham,2026-07-09,0,http://web.archive.org/web/20260709185456/https://labour.org.uk/labour-leadership-2026/labour-leadership-2026-plp-nominations/,medium
Fleur Anderson,Putney,Andy Burnham,2026-07-09,0,http://web.archive.org/web/20260709185456/https://labour.org.uk/labour-leadership-2026/labour-leadership-2026-plp-nominations/,medium
Tonia Antoniazzi,Gower,Andy Burnham,2026-07-09,0,http://web.archive.org/web/20260709185456/https://labour.org.uk/labour-leadership-2026/labour-leadership-2026-plp-nominations/,medium
Dr Scott Arthur,Edinburgh South West,Andy Burnham,2026-07-09,0,http://web.archive.org/web/20260709185456/https://labour.org.uk/labour-leadership-2026/labour-leadership-2026-plp-nominations/,medium
Jess Asato,Lowestoft,Andy Burnham,2026-07-09,0,http://web.archive.org/web/20260709185456/https://labour.org.uk/labour-leadership-2026/labour-leadership-2026-plp-nominations/,medium
Jas Athwal,Ilford South,Andy Burnham,2026-07-09,0,http://web.archive.org/web/20260709185456/https://labour.org.uk/labour-leadership-2026/labour-leadership-2026-plp-nominations/,medium
Catherine Atkinson,Derby North,Andy Burnham,2026-07-09,0,http://web.archive.org/web/20260709185456/https://labour.org.uk/labour-leadership-2026/labour-leadership-2026-plp-nominations/,medium
Lewis Atkinson,Sunderland Central,Andy Burnham,2026-07-09,0,http://web.archive.org/web/20260709185456/https://labour.org.uk/labour-leadership-2026/labour-leadership-2026-plp-nominations/,medium
Calvin Bailey,Leyton and Wanstead,Andy Burnham,2026-07-09,0,http://web.archive.org/web/20260709185456/https://labour.org.uk/labour-leadership-2026/labour-leadership-2026-plp-nominations/,medium
Olivia Bailey,Reading West and Mid Berkshire,Andy Burnham,2026-07-09,0,http://web.archive.org/web/20260709185456/https://labour.org.uk/labour-leadership-2026/labour-leadership-2026-plp-nominations/,medium
David Baines,St Helens North,Andy Burnham,2026-07-09,0,http://web.archive.org/web/20260709185456/https://labour.org.uk/labour-leadership-2026/labour-leadership-2026-plp-nominations/,medium
Alex Baker,Aldershot,Andy Burnham,2026-07-09,0,http://web.archive.org/web/20260709185456/https://labour.org.uk/labour-leadership-2026/labour-leadership-2026-plp-nominations/,medium
Richard Baker,Glenrothes and Mid Fife,Andy Burnham,2026-07-09,0,http://web.archive.org/web/20260709185456/https://labour.org.uk/labour-leadership-2026/labour-leadership-2026-plp-nominations/,medium
Alex Ballinger,Halesowen,Andy Burnham,2026-07-09,0,http://web.archive.org/web/20260709185456/https://labour.org.uk/labour-leadership-2026/labour-leadership-2026-plp-nominations/,medium
Antonia Bance,Tipton and Wednesbury,Andy Burnham,2026-07-09,0,http://web.archive.org/web/20260709185456/https://labour.org.uk/labour-leadership-2026/labour-leadership-2026-plp-nominations/,medium
Paula Barker,Liverpool Wavertree,Andy Burnham,2026-07-09,0,http://web.archive.org/web/20260709185456/https://labour.org.uk/labour-leadership-2026/labour-leadership-2026-plp-nominations/,medium
Lee Barron,Corby and East Northamptonshire,Andy Burnham,2026-07-09,0,http://web.archive.org/web/20260709185456/https://labour.org.uk/labour-leadership-2026/labour-leadership-2026-plp-nominations/,medium
Alex Barros-Curtis,Cardiff West,Andy Burnham,2026-07-09,0,http://web.archive.org/web/20260709185456/https://labour.org.uk/labour-leadership-2026/labour-leadership-2026-plp-nominations/,medium
Danny Beales,Uxbridge and South Ruislip,Andy Burnham,2026-07-09,0,http://web.archive.org/web/20260709185456/https://labour.org.uk/labour-leadership-2026/labour-leadership-2026-plp-nominations/,medium
Lorraine Beavers,Blackpool North and Fleetwood,Andy Burnham,2026-07-09,0,http://web.archive.org/web/20260709185456/https://labour.org.uk/labour-leadership-2026/labour-leadership-2026-plp-nominations/,medium
Torsten Bell,Swansea West,Andy Burnham,2026-07-09,0,http://web.archive.org/web/20260709185456/https://labour.org.uk/labour-leadership-2026/labour-leadership-2026-plp-nominations/,medium
Hilary Benn,Leeds South,Andy Burnham,2026-07-09,0,http://web.archive.org/web/20260709185456/https://labour.org.uk/labour-leadership-2026/labour-leadership-2026-plp-nominations/,medium
Clive Betts,Sheffield South East,Andy Burnham,2026-07-09,0,http://web.archive.org/web/20260709185456/https://labour.org.uk/labour-leadership-2026/labour-leadership-2026-plp-nominations/,medium
Polly Billington,East Thanet,Andy Burnham,2026-07-09,0,http://web.archive.org/web/20260709185456/https://labour.org.uk/labour-leadership-2026/labour-leadership-2026-plp-nominations/,medium
Matt Bishop,Forest of Dean,Andy Burnham,2026-07-09,0,http://web.archive.org/web/20260709185456/https://labour.org.uk/labour-leadership-2026/labour-leadership-2026-plp-nominations/,medium
Olivia Blake,Sheffield Hallam,Andy Burnham,2026-07-09,0,http://web.archive.org/web/20260709185456/https://labour.org.uk/labour-leadership-2026/labour-leadership-2026-plp-nominations/,medium
Rachel Blake,Cities of London and Westminster,Andy Burnham,2026-07-09,0,http://web.archive.org/web/20260709185456/https://labour.org.uk/labour-leadership-2026/labour-leadership-2026-plp-nominations/,medium
Chris Bloore,Redditch,Andy Burnham,2026-07-09,0,http://web.archive.org/web/20260709185456/https://labour.org.uk/labour-leadership-2026/labour-leadership-2026-plp-nominations/,medium
Elsie Blundell,Heywood and Middleton North,Andy Burnham,2026-07-09,0,http://web.archive.org/web/20260709185456/https://labour.org.uk/labour-leadership-2026/labour-leadership-2026-plp-nominations/,medium
Kevin Bonavia,Stevenage,Andy Burnham,2026-07-09,0,http://web.archive.org/web/20260709185456/https://labour.org.uk/labour-leadership-2026/labour-leadership-2026-plp-nominations/,medium
Jade Botterill,Ossett and Denby Dale,Andy Burnham,2026-07-09,0,http://web.archive.org/web/20260709185456/https://labour.org.uk/labour-leadership-2026/labour-leadership-2026-plp-nominations/,medium
Sureena Brackenridge,Wolverhampton North East,Andy Burnham,2026-07-09,0,http://web.archive.org/web/20260709185456/https://labour.org.uk/labour-leadership-2026/labour-leadership-2026-plp-nominations/,medium
Jonathan Brash,Hartlepool,Andy Burnham,2026-07-09,0,http://web.archive.org/web/20260709185456/https://labour.org.uk/labour-leadership-2026/labour-leadership-2026-plp-nominations/,medium
Chris Bryant,Rhondda and Ogmore,Andy Burnham,2026-07-09,0,http://web.archive.org/web/20260709185456/https://labour.org.uk/labour-leadership-2026/labour-leadership-2026-plp-nominations/,medium
Julia Buckley,Shrewsbury,Andy Burnham,2026-07-09,0,http://web.archive.org/web/20260709185456/https://labour.org.uk/labour-leadership-2026/labour-leadership-2026-plp-nominations/,medium
Maureen Burke,Glasgow North East,Andy Burnham,2026-07-09,0,http://web.archive.org/web/20260709185456/https://labour.org.uk/labour-leadership-2026/labour-leadership-2026-plp-nominations/,medium
Andy Burnham,Makerfield,Andy Burnham,2026-07-09,0,http://web.archive.org/web/20260709185456/https://labour.org.uk/labour-leadership-2026/labour-leadership-2026-plp-nominations/,medium
David Burton-Sampson,Southend West and Leigh,Andy Burnham,2026-07-09,0,http://web.archive.org/web/20260709185456/https://labour.org.uk/labour-leadership-2026/labour-leadership-2026-plp-nominations/,medium
Dawn Butler,Brent East,Andy Burnham,2026-07-09,0,http://web.archive.org/web/20260709185456/https://labour.org.uk/labour-leadership-2026/labour-leadership-2026-plp-nominations/,medium
Liam Byrne,Birmingham Hodge Hill and Solihull North,Andy Burnham,2026-07-09,0,http://web.archive.org/web/20260709185456/https://labour.org.uk/labour-leadership-2026/labour-leadership-2026-plp-nominations/,medium
Ruth Cadbury,Brentford and Isleworth,Andy Burnham,2026-07-09,0,http://web.archive.org/web/20260709185456/https://labour.org.uk/labour-leadership-2026/labour-leadership-2026-plp-nominations/,medium
Nesil Caliskan,Barking,Andy Burnham,2026-07-09,0,http://web.archive.org/web/20260709185456/https://labour.org.uk/labour-leadership-2026/labour-leadership-2026-plp-nominations/,medium
Irene Campbell,North Ayrshire and Arran,Andy Burnham,2026-07-09,0,http://web.archive.org/web/20260709185456/https://labour.org.uk/labour-leadership-2026/labour-leadership-2026-plp-nominations/,medium
Sir Alan Campbell,Tynemouth,Andy Burnham,2026-07-09,0,http://web.archive.org/web/20260709185456/https://labour.org.uk/labour-leadership-2026/labour-leadership-2026-plp-nominations/,medium
Dan Carden,Liverpool Walton,Andy Burnham,2026-07-09,0,http://web.archive.org/web/20260709185456/https://labour.org.uk/labour-leadership-2026/labour-leadership-2026-plp-nominations/,medium
Sam Carling,North West Cambridgeshire,Andy Burnham,2026-07-09,0,http://web.archive.org/web/20260709185456/https://labour.org.uk/labour-leadership-2026/labour-leadership-2026-plp-nominations/,medium
Al Carns,Birmingham Selly Oak,Andy Burnham,2026-07-09,0,http://web.archive.org/web/20260709185456/https://labour.org.uk/labour-leadership-2026/labour-leadership-2026-plp-nominations/,medium
Sarah Champion,Rotherham,Andy Burnham,2026-07-09,0,http://web.archive.org/web/20260709185456/https://labour.org.uk/labour-leadership-2026/labour-leadership-2026-plp-nominations/,medium
Bambos Charalambous,Southgate and Wood Green,Andy Burnham,2026-07-09,0,http://web.archive.org/web/20260709185456/https://labour.org.uk/labour-leadership-2026/labour-leadership-2026-plp-nominations/,medium
Luke Charters,York Outer,Andy Burnham,2026-07-09,0,http://web.archive.org/web/20260709185456/https://labour.org.uk/labour-leadership-2026/labour-leadership-2026-plp-nominations/,medium
Feryal Clark,Enfield North,Andy Burnham,2026-07-09,0,http://web.archive.org/web/20260709185456/https://labour.org.uk/labour-leadership-2026/labour-leadership-2026-plp-nominations/,medium
Ben Coleman,Chelsea and Fulham,Andy Burnham,2026-07-09,0,http://web.archive.org/web/20260709185456/https://labour.org.uk/labour-leadership-2026/labour-leadership-2026-plp-nominations/,medium
Jacob Collier,Burton and Uttoxeter,Andy Burnham,2026-07-09,0,http://web.archive.org/web/20260709185456/https://labour.org.uk/labour-leadership-2026/labour-leadership-2026-plp-nominations/,medium
Lizzi Collinge,Morecambe and Lunesdale,Andy Burnham,2026-07-09,0,http://web.archive.org/web/20260709185456/https://labour.org.uk/labour-leadership-2026/labour-leadership-2026-plp-nominations/,medium
Liam Conlon,Beckenham and Penge,Andy Burnham,2026-07-09,0,http://web.archive.org/web/20260709185456/https://labour.org.uk/labour-leadership-2026/labour-leadership-2026-plp-nominations/,medium
Sarah Coombes,West Bromwich,Andy Burnham,2026-07-09,0,http://web.archive.org/web/20260709185456/https://labour.org.uk/labour-leadership-2026/labour-leadership-2026-plp-nominations/,medium
Andrew Cooper,Mid Cheshire,Andy Burnham,2026-07-09,0,http://web.archive.org/web/20260709185456/https://labour.org.uk/labour-leadership-2026/labour-leadership-2026-plp-nominations/,medium
Dr Beccy Cooper,Worthing West,Andy Burnham,2026-07-09,0,http://web.archive.org/web/20260709185456/https://labour.org.uk/labour-leadership-2026/labour-leadership-2026-plp-nominations/,medium
Yvette Cooper,"Pontefract, Castleford and Knottingley",Andy Burnham,2026-07-09,0,http://web.archive.org/web/20260709185456/https://labour.org.uk/labour-leadership-2026/labour-leadership-2026-plp-nominations/,medium
Deirdre Costigan,Ealing Southall,Andy Burnham,2026-07-09,0,http://web.archive.org/web/20260709185456/https://labour.org.uk/labour-leadership-2026/labour-leadership-2026-plp-nominations/,medium
Mary Creagh,Coventry East,Andy Burnham,2026-07-09,0,http://web.archive.org/web/20260709185456/https://labour.org.uk/labour-leadership-2026/labour-leadership-2026-plp-nominations/,medium
Stella Creasy,Walthamstow,Andy Burnham,2026-07-09,0,http://web.archive.org/web/20260709185456/https://labour.org.uk/labour-leadership-2026/labour-leadership-2026-plp-nominations/,medium
Torcuil Crichton,Na h-Eileanan an Iar,Andy Burnham,2026-07-09,0,http://web.archive.org/web/20260709185456/https://labour.org.uk/labour-leadership-2026/labour-leadership-2026-plp-nominations/,medium
Chris Curtis,Milton Keynes North,Andy Burnham,2026-07-09,0,http://web.archive.org/web/20260709185456/https://labour.org.uk/labour-leadership-2026/labour-leadership-2026-plp-nominations/,medium
Janet Daby,Lewisham East,Andy Burnham,2026-07-09,0,http://web.archive.org/web/20260709185456/https://labour.org.uk/labour-leadership-2026/labour-leadership-2026-plp-nominations/,medium
Sir Nicholas Dakin,Scunthorpe,Andy Burnham,2026-07-09,0,http://web.archive.org/web/20260709185456/https://labour.org.uk/labour-leadership-2026/labour-leadership-2026-plp-nominations/,medium
Ashley Dalton,West Lancashire,Andy Burnham,2026-07-09,0,http://web.archive.org/web/20260709185456/https://labour.org.uk/labour-leadership-2026/labour-leadership-2026-plp-nominations/,medium
Emily Darlington,Milton Keynes Central,Andy Burnham,2026-07-09,0,http://web.archive.org/web/20260709185456/https://labour.org.uk/labour-leadership-2026/labour-leadership-2026-plp-nominations/,medium
Paul Davies,Colne Valley,Andy Burnham,2026-07-09,0,http://web.archive.org/web/20260709185456/https://labour.org.uk/labour-leadership-2026/labour-leadership-2026-plp-nominations/,medium
Shaun Davies,Telford,Andy Burnham,2026-07-09,0,http://web.archive.org/web/20260709185456/https://labour.org.uk/labour-leadership-2026/labour-leadership-2026-plp-nominations/,medium
Alex Davies-Jones,Pontypridd,Andy Burnham,2026-07-09,0,http://web.archive.org/web/20260709185456/https://labour.org.uk/labour-leadership-2026/labour-leadership-2026-plp-nominations/,medium
Marsha De Cordova,Battersea,Andy Burnham,2026-07-09,0,http://web.archive.org/web/20260709185456/https://labour.org.uk/labour-leadership-2026/labour-leadership-2026-plp-nominations/,medium
Kate Dearden,Halifax,Andy Burnham,2026-07-09,0,http://web.archive.org/web/20260709185456/https://labour.org.uk/labour-leadership-2026/labour-leadership-2026-plp-nominations/,medium
Tanmanjeet Singh Dhesi,Slough,Andy Burnham,2026-07-09,0,http://web.archive.org/web/20260709185456/https://labour.org.uk/labour-leadership-2026/labour-leadership-2026-plp-nominations/,medium
Jim Dickson,Dartford,Andy Burnham,2026-07-09,0,http://web.archive.org/web/20260709185456/https://labour.org.uk/labour-leadership-2026/labour-leadership-2026-plp-nominations/,medium
Anna Dixon,Shipley,Andy Burnham,2026-07-09,0,http://web.archive.org/web/20260709185456/https://labour.org.uk/labour-leadership-2026/labour-leadership-2026-plp-nominations/,medium
Samantha Dixon,Chester North and Neston,Andy Burnham,2026-07-09,0,http://web.archive.org/web/20260709185456/https://labour.org.uk/labour-leadership-2026/labour-leadership-2026-plp-nominations/,medium
Anneliese Dodds,Oxford East,Andy Burnham,2026-07-09,0,http://web.archive.org/web/20260709185456/https://labour.org.uk/labour-leadership-2026/labour-leadership-2026-plp-nominations/,medium
Helena Dollimore,Hastings and Rye,Andy Burnham,2026-07-09,0,http://web.archive.org/web/20260709185456/https://labour.org.uk/labour-leadership-2026/labour-leadership-2026-plp-nominations/,medium
Stephen Doughty,Cardiff South and Penarth,Andy Burnham,2026-07-09,0,http://web.archive.org/web/20260709185456/https://labour.org.uk/labour-leadership-2026/labour-leadership-2026-plp-nominations/,medium
Peter Dowd,Bootle,Andy Burnham,2026-07-09,0,http://web.archive.org/web/20260709185456/https://labour.org.uk/labour-leadership-2026/labour-leadership-2026-plp-nominations/,medium
Graeme Downie,Dunfermline and Dollar,Andy Burnham,2026-07-09,0,http://web.archive.org/web/20260709185456/https://labour.org.uk/labour-leadership-2026/labour-leadership-2026-plp-nominations/,medium
Dame Angela Eagle,Wallasey,Andy Burnham,2026-07-09,0,http://web.archive.org/web/20260709185456/https://labour.org.uk/labour-leadership-2026/labour-leadership-2026-plp-nominations/,medium
Maria Eagle,Liverpool Garston,Andy Burnham,2026-07-09,0,http://web.archive.org/web/20260709185456/https://labour.org.uk/labour-leadership-2026/labour-leadership-2026-plp-nominations/,medium
Cat Eccles,Stourbridge,Andy Burnham,2026-07-09,0,http://web.archive.org/web/20260709185456/https://labour.org.uk/labour-leadership-2026/labour-leadership-2026-plp-nominations/,medium
Lauren Edwards,Rochester and Strood,Andy Burnham,2026-07-09,0,http://web.archive.org/web/20260709185456/https://labour.org.uk/labour-leadership-2026/labour-leadership-2026-plp-nominations/,medium
Clive Efford,Eltham and Chislehurst,Andy Burnham,2026-07-09,0,http://web.archive.org/web/20260709185456/https://labour.org.uk/labour-leadership-2026/labour-leadership-2026-plp-nominations/,medium
Damien Egan,Bristol North East,Andy Burnham,2026-07-09,0,http://web.archive.org/web/20260709185456/https://labour.org.uk/labour-leadership-2026/labour-leadership-2026-plp-nominations/,medium
Maya Ellis,Ribble Valley,Andy Burnham,2026-07-09,0,http://web.archive.org/web/20260709185456/https://labour.org.uk/labour-leadership-2026/labour-leadership-2026-plp-nominations/,medium
Chris Elmore,Bridgend,Andy Burnham,2026-07-09,0,http://web.archive.org/web/20260709185456/https://labour.org.uk/labour-leadership-2026/labour-leadership-2026-plp-nominations/,medium
Kirith Entwistle,Bolton North East,Andy Burnham,2026-07-09,0,http://web.archive.org/web/20260709185456/https://labour.org.uk/labour-leadership-2026/labour-leadership-2026-plp-nominations/,medium
Florence Eshalomi,Vauxhall and Camberwell Green,Andy Burnham,2026-07-09,0,http://web.archive.org/web/20260709185456/https://labour.org.uk/labour-leadership-2026/labour-leadership-2026-plp-nominations/,medium
Bill Esterson,Sefton Central,Andy Burnham,2026-07-09,0,http://web.archive.org/web/20260709185456/https://labour.org.uk/labour-leadership-2026/labour-leadership-2026-plp-nominations/,medium
Miatta Fahnbulleh,Peckham,Andy Burnham,2026-07-09,0,http://web.archive.org/web/20260709185456/https://labour.org.uk/labour-leadership-2026/labour-leadership-2026-plp-nominations/,medium
Hamish Falconer,Lincoln,Andy Burnham,2026-07-09,0,http://web.archive.org/web/20260709185456/https://labour.org.uk/labour-leadership-2026/labour-leadership-2026-plp-nominations/,medium
Linsey Farnsworth,Amber Valley,Andy Burnham,2026-07-09,0,http://web.archive.org/web/20260709185456/https://labour.org.uk/labour-leadership-2026/labour-leadership-2026-plp-nominations/,medium
Josh Fenton-Glynn,Calder Valley,Andy Burnham,2026-07-09,0,http://web.archive.org/web/20260709185456/https://labour.org.uk/labour-leadership-2026/labour-leadership-2026-plp-nominations/,medium
Mark Ferguson,Gateshead Central and Whickham,Andy Burnham,2026-07-09,0,http://web.archive.org/web/20260709185456/https://labour.org.uk/labour-leadership-2026/labour-leadership-2026-plp-nominations/,medium
Patricia Ferguson,Glasgow West,Andy Burnham,2026-07-09,0,http://web.archive.org/web/20260709185456/https://labour.org.uk/labour-leadership-2026/labour-leadership-2026-plp-nominations/,medium
Natalie Fleet,Bolsover,Andy Burnham,2026-07-09,0,http://web.archive.org/web/20260709185456/https://labour.org.uk/labour-leadership-2026/labour-leadership-2026-plp-nominations/,medium
Emma Foody,Cramlington and Killingworth,Andy Burnham,2026-07-09,0,http://web.archive.org/web/20260709185456/https://labour.org.uk/labour-leadership-2026/labour-leadership-2026-plp-nominations/,medium
Paul Foster,South Ribble,Andy Burnham,2026-07-09,0,http://web.archive.org/web/20260709185456/https://labour.org.uk/labour-leadership-2026/labour-leadership-2026-plp-nominations/,medium
Vicky Foxcroft,Lewisham North,Andy Burnham,2026-07-09,0,http://web.archive.org/web/20260709185456/https://labour.org.uk/labour-leadership-2026/labour-leadership-2026-plp-nominations/,medium
Mary Kelly Foy,City of Durham,Andy Burnham,2026-07-09,0,http://web.archive.org/web/20260709185456/https://labour.org.uk/labour-leadership-2026/labour-leadership-2026-plp-nominations/,medium
James Frith,Bury North,Andy Burnham,2026-07-09,0,http://web.archive.org/web/20260709185456/https://labour.org.uk/labour-leadership-2026/labour-leadership-2026-plp-nominations/,medium
Gill Furniss,Sheffield Brightside and Hillsborough,Andy Burnham,2026-07-09,0,http://web.archive.org/web/20260709185456/https://labour.org.uk/labour-leadership-2026/labour-leadership-2026-plp-nominations/,medium
Barry Gardiner,Brent West,Andy Burnham,2026-07-09,0,http://web.archive.org/web/20260709185456/https://labour.org.uk/labour-leadership-2026/labour-leadership-2026-plp-nominations/,medium
Dr Allison Gardner,Stoke-on-Trent South,Andy Burnham,2026-07-09,0,http://web.archive.org/web/20260709185456/https://labour.org.uk/labour-leadership-2026/labour-leadership-2026-plp-nominations/,medium
Anna Gelderd,South East Cornwall,Andy Burnham,2026-07-09,0,http://web.archive.org/web/20260709185456/https://labour.org.uk/labour-leadership-2026/labour-leadership-2026-plp-nominations/,medium
Alan Gemmell,Central Ayrshire,Andy Burnham,2026-07-09,0,http://web.archive.org/web/20260709185456/https://labour.org.uk/labour-leadership-2026/labour-leadership-2026-plp-nominations/,medium
Tracy Gilbert,Edinburgh North and Leith,Andy Burnham,2026-07-09,0,http://web.archive.org/web/20260709185456/https://labour.org.uk/labour-leadership-2026/labour-leadership-2026-plp-nominations/,medium
Preet Kaur Gill,Birmingham Edgbaston,Andy Burnham,2026-07-09,0,http://web.archive.org/web/20260709185456/https://labour.org.uk/labour-leadership-2026/labour-leadership-2026-plp-nominations/,medium
Becky Gittins,Clwyd East,Andy Burnham,2026-07-09,0,http://web.archive.org/web/20260709185456/https://labour.org.uk/labour-leadership-2026/labour-leadership-2026-plp-nominations/,medium
Ben Goldsborough,South Norfolk,Andy Burnham,2026-07-09,0,http://web.archive.org/web/20260709185456/https://labour.org.uk/labour-leadership-2026/labour-leadership-2026-plp-nominations/,medium
Georgia Gould,Queen's Park and Maida Vale,Andy Burnham,2026-07-09,0,http://web.archive.org/web/20260709185456/https://labour.org.uk/labour-leadership-2026/labour-leadership-2026-plp-nominations/,medium
John Grady,Glasgow East,Andy Burnham,2026-07-09,0,http://web.archive.org/web/20260709185456/https://labour.org.uk/labour-leadership-2026/labour-leadership-2026-plp-nominations/,medium
Lilian Greenwood,Nottingham South,Andy Burnham,2026-07-09,0,http://web.archive.org/web/20260709185456/https://labour.org.uk/labour-leadership-2026/labour-leadership-2026-plp-nominations/,medium
Dame Nia Griffith,Llanelli,Andy Burnham,2026-07-09,0,http://web.archive.org/web/20260709185456/https://labour.org.uk/labour-leadership-2026/labour-leadership-2026-plp-nominations/,medium
Louise Haigh,Sheffield Heeley,Andy Burnham,2026-07-09,0,http://web.archive.org/web/20260709185456/https://labour.org.uk/labour-leadership-2026/labour-leadership-2026-plp-nominations/,medium
Sarah Hall,Warrington South,Andy Burnham,2026-07-09,0,http://web.archive.org/web/20260709185456/https://labour.org.uk/labour-leadership-2026/labour-leadership-2026-plp-nominations/,medium
Fabian Hamilton,Leeds North East,Andy Burnham,2026-07-09,0,http://web.archive.org/web/20260709185456/https://labour.org.uk/labour-leadership-2026/labour-leadership-2026-plp-nominations/,medium
Paulette Hamilton,Birmingham Erdington,Andy Burnham,2026-07-09,0,http://web.archive.org/web/20260709185456/https://labour.org.uk/labour-leadership-2026/labour-leadership-2026-plp-nominations/,medium
Emma Hardy,Kingston upon Hull West and Haltemprice,Andy Burnham,2026-07-09,0,http://web.archive.org/web/20260709185456/https://labour.org.uk/labour-leadership-2026/labour-leadership-2026-plp-nominations/,medium
Lloyd Hatton,South Dorset,Andy Burnham,2026-07-09,0,http://web.archive.org/web/20260709185456/https://labour.org.uk/labour-leadership-2026/labour-leadership-2026-plp-nominations/,medium
Helen Hayes,Dulwich and West Norwood,Andy Burnham,2026-07-09,0,http://web.archive.org/web/20260709185456/https://labour.org.uk/labour-leadership-2026/labour-leadership-2026-plp-nominations/,medium
Tom Hayes,Bournemouth East,Andy Burnham,2026-07-09,0,http://web.archive.org/web/20260709185456/https://labour.org.uk/labour-leadership-2026/labour-leadership-2026-plp-nominations/,medium
Claire Hazelgrove,Filton and Bradley Stoke,Andy Burnham,2026-07-09,0,http://web.archive.org/web/20260709185456/https://labour.org.uk/labour-leadership-2026/labour-leadership-2026-plp-nominations/,medium
John Healey,Rawmarsh and Conisbrough,Andy Burnham,2026-07-09,0,http://web.archive.org/web/20260709185456/https://labour.org.uk/labour-leadership-2026/labour-leadership-2026-plp-nominations/,medium
Rachel Hopkins,Luton South and South Bedfordshire,Andy Burnham,2026-07-09,0,http://web.archive.org/web/20260709185456/https://labour.org.uk/labour-leadership-2026/labour-leadership-2026-plp-nominations/,medium
Claire Hughes,Bangor Aberconwy,Andy Burnham,2026-07-09,0,http://web.archive.org/web/20260709185456/https://labour.org.uk/labour-leadership-2026/labour-leadership-2026-plp-nominations/,medium
Alison Hume,Scarborough and Whitby,Andy Burnham,2026-07-09,0,http://web.archive.org/web/20260709185456/https://labour.org.uk/labour-leadership-2026/labour-leadership-2026-plp-nominations/,medium
Dr Rupa Huq,Ealing Central and Acton,Andy Burnham,2026-07-09,0,http://web.archive.org/web/20260709185456/https://labour.org.uk/labour-leadership-2026/labour-leadership-2026-plp-nominations/,medium
Patrick Hurley,Southport,Andy Burnham,2026-07-09,0,http://web.archive.org/web/20260709185456/https://labour.org.uk/labour-leadership-2026/labour-leadership-2026-plp-nominations/,medium
Natasha Irons,Croydon East,Andy Burnham,2026-07-09,0,http://web.archive.org/web/20260709185456/https://labour.org.uk/labour-leadership-2026/labour-leadership-2026-plp-nominations/,medium
Sally Jameson,Doncaster Central,Andy Burnham,2026-07-09,0,http://web.archive.org/web/20260709185456/https://labour.org.uk/labour-leadership-2026/labour-leadership-2026-plp-nominations/,medium
Dan Jarvis,Barnsley North,Andy Burnham,2026-07-09,0,http://web.archive.org/web/20260709185456/https://labour.org.uk/labour-leadership-2026/labour-leadership-2026-plp-nominations/,medium
Terry Jermy,South West Norfolk,Andy Burnham,2026-07-09,0,http://web.archive.org/web/20260709185456/https://labour.org.uk/labour-leadership-2026/labour-leadership-2026-plp-nominations/,medium
Adam Jogee,Newcastle-under-Lyme,Andy Burnham,2026-07-09,0,http://web.archive.org/web/20260709185456/https://labour.org.uk/labour-leadership-2026/labour-leadership-2026-plp-nominations/,medium
Dame Diana Johnson,Kingston upon Hull North and Cottingham,Andy Burnham,2026-07-09,0,http://web.archive.org/web/20260709185456/https://labour.org.uk/labour-leadership-2026/labour-leadership-2026-plp-nominations/,medium
Kim Johnson,Liverpool Riverside,Andy Burnham,2026-07-09,0,http://web.archive.org/web/20260709185456/https://labour.org.uk/labour-leadership-2026/labour-leadership-2026-plp-nominations/,medium
Darren Jones,Bristol North West,Andy Burnham,2026-07-09,0,http://web.archive.org/web/20260709185456/https://labour.org.uk/labour-leadership-2026/labour-leadership-2026-plp-nominations/,medium
Lillian Jones,Kilmarnock and Loudoun,Andy Burnham,2026-07-09,0,http://web.archive.org/web/20260709185456/https://labour.org.uk/labour-leadership-2026/labour-leadership-2026-plp-nominations/,medium
Ruth Jones,Newport West and Islwyn,Andy Burnham,2026-07-09,0,http://web.archive.org/web/20260709185456/https://labour.org.uk/labour-leadership-2026/labour-leadership-2026-plp-nominations/,medium
Sarah Jones,Croydon West,Andy Burnham,2026-07-09,0,http://web.archive.org/web/20260709185456/https://labour.org.uk/labour-leadership-2026/labour-leadership-2026-plp-nominations/,medium
Sojan Joseph,Ashford,Andy Burnham,2026-07-09,0,http://web.archive.org/web/20260709185456/https://labour.org.uk/labour-leadership-2026/labour-leadership-2026-plp-nominations/,medium
Warinder Juss,Wolverhampton West,Andy Burnham,2026-07-09,0,http://web.archive.org/web/20260709185456/https://labour.org.uk/labour-leadership-2026/labour-leadership-2026-plp-nominations/,medium
Chris Kane,Stirling and Strathallan,Andy Burnham,2026-07-09,0,http://web.archive.org/web/20260709185456/https://labour.org.uk/labour-leadership-2026/labour-leadership-2026-plp-nominations/,medium
Mike Kane,Wythenshawe and Sale East,Andy Burnham,2026-07-09,0,http://web.archive.org/web/20260709185456/https://labour.org.uk/labour-leadership-2026/labour-leadership-2026-plp-nominations/,medium
Satvir Kaur,Southampton Test,Andy Burnham,2026-07-09,0,http://web.archive.org/web/20260709185456/https://labour.org.uk/labour-leadership-2026/labour-leadership-2026-plp-nominations/,medium
Liz Kendall,Leicester West,Andy Burnham,2026-07-09,0,http://web.archive.org/web/20260709185456/https://labour.org.uk/labour-leadership-2026/labour-leadership-2026-plp-nominations/,medium
Afzal Khan,Manchester Rusholme,Andy Burnham,2026-07-09,0,http://web.archive.org/web/20260709185456/https://labour.org.uk/labour-leadership-2026/labour-leadership-2026-plp-nominations/,medium
Naushabah Khan,Gillingham and Rainham,Andy Burnham,2026-07-09,0,http://web.archive.org/web/20260709185456/https://labour.org.uk/labour-leadership-2026/labour-leadership-2026-plp-nominations/,medium
Stephen Kinnock,Aberafan Maesteg,Andy Burnham,2026-07-09,0,http://web.archive.org/web/20260709185456/https://labour.org.uk/labour-leadership-2026/labour-leadership-2026-plp-nominations/,medium
Sonia Kumar,Dudley,Andy Burnham,2026-07-09,0,http://web.archive.org/web/20260709185456/https://labour.org.uk/labour-leadership-2026/labour-leadership-2026-plp-nominations/,medium
Uma Kumaran,Stratford and Bow,Andy Burnham,2026-07-09,0,http://web.archive.org/web/20260709185456/https://labour.org.uk/labour-leadership-2026/labour-leadership-2026-plp-nominations/,medium
Peter Kyle,Hove and Portslade,Andy Burnham,2026-07-09,0,http://web.archive.org/web/20260709185456/https://labour.org.uk/labour-leadership-2026/labour-leadership-2026-plp-nominations/,medium
Laura Kyrke-Smith,Aylesbury,Andy Burnham,2026-07-09,0,http://web.archive.org/web/20260709185456/https://labour.org.uk/labour-leadership-2026/labour-leadership-2026-plp-nominations/,medium
Peter Lamb,Crawley,Andy Burnham,2026-07-09,0,http://web.archive.org/web/20260709185456/https://labour.org.uk/labour-leadership-2026/labour-leadership-2026-plp-nominations/,medium
David Lammy,Tottenham,Andy Burnham,2026-07-09,0,http://web.archive.org/web/20260709185456/https://labour.org.uk/labour-leadership-2026/labour-leadership-2026-plp-nominations/,medium
Ian Lavery,Blyth and Ashington,Andy Burnham,2026-07-09,0,http://web.archive.org/web/20260709185456/https://labour.org.uk/labour-leadership-2026/labour-leadership-2026-plp-nominations/,medium
Noah Law,St Austell and Newquay,Andy Burnham,2026-07-09,0,http://web.archive.org/web/20260709185456/https://labour.org.uk/labour-leadership-2026/labour-leadership-2026-plp-nominations/,medium
Kim Leadbeater,Spen Valley,Andy Burnham,2026-07-09,0,http://web.archive.org/web/20260709185456/https://labour.org.uk/labour-leadership-2026/labour-leadership-2026-plp-nominations/,medium
Emma Lewell,South Shields,Andy Burnham,2026-07-09,0,http://web.archive.org/web/20260709185456/https://labour.org.uk/labour-leadership-2026/labour-leadership-2026-plp-nominations/,medium
Andrew Lewin,Welwyn Hatfield,Andy Burnham,2026-07-09,0,http://web.archive.org/web/20260709185456/https://labour.org.uk/labour-leadership-2026/labour-leadership-2026-plp-nominations/,medium
Clive Lewis,Norwich South,Andy Burnham,2026-07-09,0,http://web.archive.org/web/20260709185456/https://labour.org.uk/labour-leadership-2026/labour-leadership-2026-plp-nominations/,medium
Simon Lightwood,Wakefield and Rothwell,Andy Burnham,2026-07-09,0,http://web.archive.org/web/20260709185456/https://labour.org.uk/labour-leadership-2026/labour-leadership-2026-plp-nominations/,medium
Rebecca Long Bailey,Salford,Andy Burnham,2026-07-09,0,http://web.archive.org/web/20260709185456/https://labour.org.uk/labour-leadership-2026/labour-leadership-2026-plp-nominations/,medium
Josh MacAlister,Whitehaven and Workington,Andy Burnham,2026-07-09,0,http://web.archive.org/web/20260709185456/https://labour.org.uk/labour-leadership-2026/labour-leadership-2026-plp-nominations/,medium
Alice Macdonald,Norwich North,Andy Burnham,2026-07-09,0,http://web.archive.org/web/20260709185456/https://labour.org.uk/labour-leadership-2026/labour-leadership-2026-plp-nominations/,medium
Andy MacNae,Rossendale and Darwen,Andy Burnham,2026-07-09,0,http://web.archive.org/web/20260709185456/https://labour.org.uk/labour-leadership-2026/labour-leadership-2026-plp-nominations/,medium
Justin Madders,Ellesmere Port and Bromborough,Andy Burnham,2026-07-09,0,http://web.archive.org/web/20260709185456/https://labour.org.uk/labour-leadership-2026/labour-leadership-2026-plp-nominations/,medium
Seema Malhotra,Feltham and Heston,Andy Burnham,2026-07-09,0,http://web.archive.org/web/20260709185456/https://labour.org.uk/labour-leadership-2026/labour-leadership-2026-plp-nominations/,medium
Amanda Martin,Portsmouth North,Andy Burnham,2026-07-09,0,http://web.archive.org/web/20260709185456/https://labour.org.uk/labour-leadership-2026/labour-leadership-2026-plp-nominations/,medium
Rachel Maskell,York Central,Andy Burnham,2026-07-09,0,http://web.archive.org/web/20260709185456/https://labour.org.uk/labour-leadership-2026/labour-leadership-2026-plp-nominations/,medium
Keir Mather,Selby,Andy Burnham,2026-07-09,0,http://web.archive.org/web/20260709185456/https://labour.org.uk/labour-leadership-2026/labour-leadership-2026-plp-nominations/,medium
Douglas McAllister,West Dunbartonshire,Andy Burnham,2026-07-09,0,http://web.archive.org/web/20260709185456/https://labour.org.uk/labour-leadership-2026/labour-leadership-2026-plp-nominations/,medium
Kerry McCarthy,Bristol East,Andy Burnham,2026-07-09,0,http://web.archive.org/web/20260709185456/https://labour.org.uk/labour-leadership-2026/labour-leadership-2026-plp-nominations/,medium
Martin McCluskey,Inverclyde and Renfrewshire West,Andy Burnham,2026-07-09,0,http://web.archive.org/web/20260709185456/https://labour.org.uk/labour-leadership-2026/labour-leadership-2026-plp-nominations/,medium
Andy McDonald,Middlesbrough and Thornaby East,Andy Burnham,2026-07-09,0,http://web.archive.org/web/20260709185456/https://labour.org.uk/labour-leadership-2026/labour-leadership-2026-plp-nominations/,medium
Chris McDonald,Stockton North,Andy Burnham,2026-07-09,0,http://web.archive.org/web/20260709185456/https://labour.org.uk/labour-leadership-2026/labour-leadership-2026-plp-nominations/,medium
Blair McDougall,East Renfrewshire,Andy Burnham,2026-07-09,0,http://web.archive.org/web/20260709185456/https://labour.org.uk/labour-leadership-2026/labour-leadership-2026-plp-nominations/,medium
Lola McEvoy,Darlington,Andy Burnham,2026-07-09,0,http://web.archive.org/web/20260709185456/https://labour.org.uk/labour-leadership-2026/labour-leadership-2026-plp-nominations/,medium
Pat McFadden,Wolverhampton South East,Andy Burnham,2026-07-09,0,http://web.archive.org/web/20260709185456/https://labour.org.uk/labour-leadership-2026/labour-leadership-2026-plp-nominations/,medium
Alison McGovern,Birkenhead,Andy Burnham,2026-07-09,0,http://web.archive.org/web/20260709185456/https://labour.org.uk/labour-leadership-2026/labour-leadership-2026-plp-nominations/,medium
Alex McIntyre,Gloucester,Andy Burnham,2026-07-09,0,http://web.archive.org/web/20260709185456/https://labour.org.uk/labour-leadership-2026/labour-leadership-2026-plp-nominations/,medium
Gordon McKee,Glasgow South,Andy Burnham,2026-07-09,0,http://web.archive.org/web/20260709185456/https://labour.org.uk/labour-leadership-2026/labour-leadership-2026-plp-nominations/,medium
Kevin McKenna,Sittingbourne and Sheppey,Andy Burnham,2026-07-09,0,http://web.archive.org/web/20260709185456/https://labour.org.uk/labour-leadership-2026/labour-leadership-2026-plp-nominations/,medium
Catherine McKinnell,Newcastle upon Tyne North,Andy Burnham,2026-07-09,0,http://web.archive.org/web/20260709185456/https://labour.org.uk/labour-leadership-2026/labour-leadership-2026-plp-nominations/,medium
Jim McMahon,"Oldham West, Chadderton and Royton",Andy Burnham,2026-07-09,0,http://web.archive.org/web/20260709185456/https://labour.org.uk/labour-leadership-2026/labour-leadership-2026-plp-nominations/,medium
Anna McMorrin,Cardiff North,Andy Burnham,2026-07-09,0,http://web.archive.org/web/20260709185456/https://labour.org.uk/labour-leadership-2026/labour-leadership-2026-plp-nominations/,medium
Frank McNally,Coatbridge and Bellshill,Andy Burnham,2026-07-09,0,http://web.archive.org/web/20260709185456/https://labour.org.uk/labour-leadership-2026/labour-leadership-2026-plp-nominations/,medium
Kirsty McNeill,Midlothian,Andy Burnham,2026-07-09,0,http://web.archive.org/web/20260709185456/https://labour.org.uk/labour-leadership-2026/labour-leadership-2026-plp-nominations/,medium
Anneliese Midgley,Knowsley,Andy Burnham,2026-07-09,0,http://web.archive.org/web/20260709185456/https://labour.org.uk/labour-leadership-2026/labour-leadership-2026-plp-nominations/,medium
Ed Miliband,Doncaster North,Andy Burnham,2026-07-09,0,http://web.archive.org/web/20260709185456/https://labour.org.uk/labour-leadership-2026/labour-leadership-2026-plp-nominations/,medium
Navendu Mishra,Stockport,Andy Burnham,2026-07-09,0,http://web.archive.org/web/20260709185456/https://labour.org.uk/labour-leadership-2026/labour-leadership-2026-plp-nominations/,medium
Abtisam Mohamed,Sheffield Central,Andy Burnham,2026-07-09,0,http://web.archive.org/web/20260709185456/https://labour.org.uk/labour-leadership-2026/labour-leadership-2026-plp-nominations/,medium
Stephen Morgan,Portsmouth South,Andy Burnham,2026-07-09,0,http://web.archive.org/web/20260709185456/https://labour.org.uk/labour-leadership-2026/labour-leadership-2026-plp-nominations/,medium
Grahame Morris,Easington,Andy Burnham,2026-07-09,0,http://web.archive.org/web/20260709185456/https://labour.org.uk/labour-leadership-2026/labour-leadership-2026-plp-nominations/,medium
Joe Morris,Hexham,Andy Burnham,2026-07-09,0,http://web.archive.org/web/20260709185456/https://labour.org.uk/labour-leadership-2026/labour-leadership-2026-plp-nominations/,medium
Luke Murphy,Basingstoke,Andy Burnham,2026-07-09,0,http://web.archive.org/web/20260709185456/https://labour.org.uk/labour-leadership-2026/labour-leadership-2026-plp-nominations/,medium
Chris Murray,Edinburgh East and Musselburgh,Andy Burnham,2026-07-09,0,http://web.archive.org/web/20260709185456/https://labour.org.uk/labour-leadership-2026/labour-leadership-2026-plp-nominations/,medium
Ian Murray,Edinburgh South,Andy Burnham,2026-07-09,0,http://web.archive.org/web/20260709185456/https://labour.org.uk/labour-leadership-2026/labour-leadership-2026-plp-nominations/,medium
James Murray,Ealing North,Andy Burnham,2026-07-09,0,http://web.archive.org/web/20260709185456/https://labour.org.uk/labour-leadership-2026/labour-leadership-2026-plp-nominations/,medium
James Naish,Rushcliffe,Andy Burnham,2026-07-09,0,http://web.archive.org/web/20260709185456/https://labour.org.uk/labour-leadership-2026/labour-leadership-2026-plp-nominations/,medium
Connor Naismith,Crewe and Nantwich,Andy Burnham,2026-07-09,0,http://web.archive.org/web/20260709185456/https://labour.org.uk/labour-leadership-2026/labour-leadership-2026-plp-nominations/,medium
Lisa Nandy,Wigan,Andy Burnham,2026-07-09,0,http://web.archive.org/web/20260709185456/https://labour.org.uk/labour-leadership-2026/labour-leadership-2026-plp-nominations/,medium
Kanishka Narayan,Vale of Glamorgan,Andy Burnham,2026-07-09,0,http://web.archive.org/web/20260709185456/https://labour.org.uk/labour-leadership-2026/labour-leadership-2026-plp-nominations/,medium
Pamela Nash,"Motherwell, Wishaw and Carluke",Andy Burnham,2026-07-09,0,http://web.archive.org/web/20260709185456/https://labour.org.uk/labour-leadership-2026/labour-leadership-2026-plp-nominations/,medium
Josh Newbury,Cannock Chase,Andy Burnham,2026-07-09,0,http://web.archive.org/web/20260709185456/https://labour.org.uk/labour-leadership-2026/labour-leadership-2026-plp-nominations/,medium
Charlotte Nichols,Warrington North,Andy Burnham,2026-07-09,0,http://web.archive.org/web/20260709185456/https://labour.org.uk/labour-leadership-2026/labour-leadership-2026-plp-nominations/,medium
Alex Norris,Nottingham North and Kimberley,Andy Burnham,2026-07-09,0,http://web.archive.org/web/20260709185456/https://labour.org.uk/labour-leadership-2026/labour-leadership-2026-plp-nominations/,medium
Melanie Onn,Great Grimsby and Cleethorpes,Andy Burnham,2026-07-09,0,http://web.archive.org/web/20260709185456/https://labour.org.uk/labour-leadership-2026/labour-leadership-2026-plp-nominations/,medium
Dame Chi Onwurah,Newcastle upon Tyne Central and West,Andy Burnham,2026-07-09,0,http://web.archive.org/web/20260709185456/https://labour.org.uk/labour-leadership-2026/labour-leadership-2026-plp-nominations/,medium
Dr Simon Opher,Stroud,Andy Burnham,2026-07-09,0,http://web.archive.org/web/20260709185456/https://labour.org.uk/labour-leadership-2026/labour-leadership-2026-plp-nominations/,medium
Kate Osborne,Jarrow and Gateshead East,Andy Burnham,2026-07-09,0,http://web.archive.org/web/20260709185456/https://labour.org.uk/labour-leadership-2026/labour-leadership-2026-plp-nominations/,medium
Tristan Osborne,Chatham and Aylesford,Andy Burnham,2026-07-09,0,http://web.archive.org/web/20260709185456/https://labour.org.uk/labour-leadership-2026/labour-leadership-2026-plp-nominations/,medium
Taiwo Owatemi,Coventry North West,Andy Burnham,2026-07-09,0,http://web.archive.org/web/20260709185456/https://labour.org.uk/labour-leadership-2026/labour-leadership-2026-plp-nominations/,medium
Sarah Owen,Luton North,Andy Burnham,2026-07-09,0,http://web.archive.org/web/20260709185456/https://labour.org.uk/labour-leadership-2026/labour-leadership-2026-plp-nominations/,medium
Andrew Pakes,Peterborough,Andy Burnham,2026-07-09,0,http://web.archive.org/web/20260709185456/https://labour.org.uk/labour-leadership-2026/labour-leadership-2026-plp-nominations/,medium
Matthew Patrick,Wirral West,Andy Burnham,2026-07-09,0,http://web.archive.org/web/20260709185456/https://labour.org.uk/labour-leadership-2026/labour-leadership-2026-plp-nominations/,medium
Michael Payne,Gedling,Andy Burnham,2026-07-09,0,http://web.archive.org/web/20260709185456/https://labour.org.uk/labour-leadership-2026/labour-leadership-2026-plp-nominations/,medium
Stephanie Peacock,Barnsley South,Andy Burnham,2026-07-09,0,http://web.archive.org/web/20260709185456/https://labour.org.uk/labour-leadership-2026/labour-leadership-2026-plp-nominations/,medium
Jon Pearce,High Peak,Andy Burnham,2026-07-09,0,http://web.archive.org/web/20260709185456/https://labour.org.uk/labour-leadership-2026/labour-leadership-2026-plp-nominations/,medium
Matthew Pennycook,Greenwich and Woolwich,Andy Burnham,2026-07-09,0,http://web.archive.org/web/20260709185456/https://labour.org.uk/labour-leadership-2026/labour-leadership-2026-plp-nominations/,medium
Toby Perkins,Chesterfield,Andy Burnham,2026-07-09,0,http://web.archive.org/web/20260709185456/https://labour.org.uk/labour-leadership-2026/labour-leadership-2026-plp-nominations/,medium
Bridget Phillipson,Houghton and Sunderland South,Andy Burnham,2026-07-09,0,http://web.archive.org/web/20260709185456/https://labour.org.uk/labour-leadership-2026/labour-leadership-2026-plp-nominations/,medium
David Pinto-Duschinsky,Hendon,Andy Burnham,2026-07-09,0,http://web.archive.org/web/20260709185456/https://labour.org.uk/labour-leadership-2026/labour-leadership-2026-plp-nominations/,medium
Lee Pitcher,Doncaster East and the Isle of Axholme,Andy Burnham,2026-07-09,0,http://web.archive.org/web/20260709185456/https://labour.org.uk/labour-leadership-2026/labour-leadership-2026-plp-nominations/,medium
Jo Platt,Leigh and Atherton,Andy Burnham,2026-07-09,0,http://web.archive.org/web/20260709185456/https://labour.org.uk/labour-leadership-2026/labour-leadership-2026-plp-nominations/,medium
Luke Pollard,Plymouth Sutton and Devonport,Andy Burnham,2026-07-09,0,http://web.archive.org/web/20260709185456/https://labour.org.uk/labour-leadership-2026/labour-leadership-2026-plp-nominations/,medium
Joe Powell,Kensington and Bayswater,Andy Burnham,2026-07-09,0,http://web.archive.org/web/20260709185456/https://labour.org.uk/labour-leadership-2026/labour-leadership-2026-plp-nominations/,medium
Lucy Powell,Manchester Central,Andy Burnham,2026-07-09,0,http://web.archive.org/web/20260709185456/https://labour.org.uk/labour-leadership-2026/labour-leadership-2026-plp-nominations/,medium
Gregor Poynton,Livingston,Andy Burnham,2026-07-09,0,http://web.archive.org/web/20260709185456/https://labour.org.uk/labour-leadership-2026/labour-leadership-2026-plp-nominations/,medium
Peter Prinsley,Bury St Edmunds and Stowmarket,Andy Burnham,2026-07-09,0,http://web.archive.org/web/20260709185456/https://labour.org.uk/labour-leadership-2026/labour-leadership-2026-plp-nominations/,medium
Yasmin Qureshi,Bolton South and Walkden,Andy Burnham,2026-07-09,0,http://web.archive.org/web/20260709185456/https://labour.org.uk/labour-leadership-2026/labour-leadership-2026-plp-nominations/,medium
Steve Race,Exeter,Andy Burnham,2026-07-09,0,http://web.archive.org/web/20260709185456/https://labour.org.uk/labour-leadership-2026/labour-leadership-2026-plp-nominations/,medium
Connor Rand,Altrincham and Sale West,Andy Burnham,2026-07-09,0,http://web.archive.org/web/20260709185456/https://labour.org.uk/labour-leadership-2026/labour-leadership-2026-plp-nominations/,medium
Andrew Ranger,Wrexham,Andy Burnham,2026-07-09,0,http://web.archive.org/web/20260709185456/https://labour.org.uk/labour-leadership-2026/labour-leadership-2026-plp-nominations/,medium
Angela Rayner,Ashton-under-Lyne,Andy Burnham,2026-07-09,0,http://web.archive.org/web/20260709185456/https://labour.org.uk/labour-leadership-2026/labour-leadership-2026-plp-nominations/,medium
Ellie Reeves,Lewisham West and East Dulwich,Andy Burnham,2026-07-09,0,http://web.archive.org/web/20260709185456/https://labour.org.uk/labour-leadership-2026/labour-leadership-2026-plp-nominations/,medium
Rachel Reeves,Leeds West and Pudsey,Andy Burnham,2026-07-09,0,http://web.archive.org/web/20260709185456/https://labour.org.uk/labour-leadership-2026/labour-leadership-2026-plp-nominations/,medium
Emma Reynolds,Wycombe,Andy Burnham,2026-07-09,0,http://web.archive.org/web/20260709185456/https://labour.org.uk/labour-leadership-2026/labour-leadership-2026-plp-nominations/,medium
Jonathan Reynolds,Stalybridge and Hyde,Andy Burnham,2026-07-09,0,http://web.archive.org/web/20260709185456/https://labour.org.uk/labour-leadership-2026/labour-leadership-2026-plp-nominations/,medium
Martin Rhodes,Glasgow North,Andy Burnham,2026-07-09,0,http://web.archive.org/web/20260709185456/https://labour.org.uk/labour-leadership-2026/labour-leadership-2026-plp-nominations/,medium
Jake Richards,Rother Valley,Andy Burnham,2026-07-09,0,http://web.archive.org/web/20260709185456/https://labour.org.uk/labour-leadership-2026/labour-leadership-2026-plp-nominations/,medium
Jenny Riddell-Carpenter,Suffolk Coastal,Andy Burnham,2026-07-09,0,http://web.archive.org/web/20260709185456/https://labour.org.uk/labour-leadership-2026/labour-leadership-2026-plp-nominations/,medium
Lucy Rigby,Northampton North,Andy Burnham,2026-07-09,0,http://web.archive.org/web/20260709185456/https://labour.org.uk/labour-leadership-2026/labour-leadership-2026-plp-nominations/,medium
Dave Robertson,Lichfield,Andy Burnham,2026-07-09,0,http://web.archive.org/web/20260709185456/https://labour.org.uk/labour-leadership-2026/labour-leadership-2026-plp-nominations/,medium
Tim Roca,Macclesfield,Andy Burnham,2026-07-09,0,http://web.archive.org/web/20260709185456/https://labour.org.uk/labour-leadership-2026/labour-leadership-2026-plp-nominations/,medium
Matt Rodda,Reading Central,Andy Burnham,2026-07-09,0,http://web.archive.org/web/20260709185456/https://labour.org.uk/labour-leadership-2026/labour-leadership-2026-plp-nominations/,medium
Sam Rushworth,Bishop Auckland,Andy Burnham,2026-07-09,0,http://web.archive.org/web/20260709185456/https://labour.org.uk/labour-leadership-2026/labour-leadership-2026-plp-nominations/,medium
Sarah Russell,Congleton,Andy Burnham,2026-07-09,0,http://web.archive.org/web/20260709185456/https://labour.org.uk/labour-leadership-2026/labour-leadership-2026-plp-nominations/,medium
Tom Rutland,East Worthing and Shoreham,Andy Burnham,2026-07-09,0,http://web.archive.org/web/20260709185456/https://labour.org.uk/labour-leadership-2026/labour-leadership-2026-plp-nominations/,medium
Oliver Ryan,Burnley,Andy Burnham,2026-07-09,0,http://web.archive.org/web/20260709185456/https://labour.org.uk/labour-leadership-2026/labour-leadership-2026-plp-nominations/,medium
Sarah Sackman,Finchley and Golders Green,Andy Burnham,2026-07-09,0,http://web.archive.org/web/20260709185456/https://labour.org.uk/labour-leadership-2026/labour-leadership-2026-plp-nominations/,medium
Dr Jeevun Sandher,Loughborough,Andy Burnham,2026-07-09,0,http://web.archive.org/web/20260709185456/https://labour.org.uk/labour-leadership-2026/labour-leadership-2026-plp-nominations/,medium
Naz Shah,Bradford West,Andy Burnham,2026-07-09,0,http://web.archive.org/web/20260709185456/https://labour.org.uk/labour-leadership-2026/labour-leadership-2026-plp-nominations/,medium
Baggy Shanker,Derby South,Andy Burnham,2026-07-09,0,http://web.archive.org/web/20260709185456/https://labour.org.uk/labour-leadership-2026/labour-leadership-2026-plp-nominations/,medium
Michael Shanks,Rutherglen,Andy Burnham,2026-07-09,0,http://web.archive.org/web/20260709185456/https://labour.org.uk/labour-leadership-2026/labour-leadership-2026-plp-nominations/,medium
Andy Slaughter,Hammersmith and Chiswick,Andy Burnham,2026-07-09,0,http://web.archive.org/web/20260709185456/https://labour.org.uk/labour-leadership-2026/labour-leadership-2026-plp-nominations/,medium
David Smith,North Northumberland,Andy Burnham,2026-07-09,0,http://web.archive.org/web/20260709185456/https://labour.org.uk/labour-leadership-2026/labour-leadership-2026-plp-nominations/,medium
Jeff Smith,Manchester Withington,Andy Burnham,2026-07-09,0,http://web.archive.org/web/20260709185456/https://labour.org.uk/labour-leadership-2026/labour-leadership-2026-plp-nominations/,medium
Sarah Smith,Hyndburn,Andy Burnham,2026-07-09,0,http://web.archive.org/web/20260709185456/https://labour.org.uk/labour-leadership-2026/labour-leadership-2026-plp-nominations/,medium
Karin Smyth,Bristol South,Andy Burnham,2026-07-09,0,http://web.archive.org/web/20260709185456/https://labour.org.uk/labour-leadership-2026/labour-leadership-2026-plp-nominations/,medium
Gareth Snell,Stoke-on-Trent Central,Andy Burnham,2026-07-09,0,http://web.archive.org/web/20260709185456/https://labour.org.uk/labour-leadership-2026/labour-leadership-2026-plp-nominations/,medium
Alex Sobel,Leeds Central and Headingley,Andy Burnham,2026-07-09,0,http://web.archive.org/web/20260709185456/https://labour.org.uk/labour-leadership-2026/labour-leadership-2026-plp-nominations/,medium
Euan Stainbank,Falkirk,Andy Burnham,2026-07-09,0,http://web.archive.org/web/20260709185456/https://labour.org.uk/labour-leadership-2026/labour-leadership-2026-plp-nominations/,medium
Jo Stevens,Cardiff East,Andy Burnham,2026-07-09,0,http://web.archive.org/web/20260709185456/https://labour.org.uk/labour-leadership-2026/labour-leadership-2026-plp-nominations/,medium
Kenneth Stevenson,Airdrie and Shotts,Andy Burnham,2026-07-09,0,http://web.archive.org/web/20260709185456/https://labour.org.uk/labour-leadership-2026/labour-leadership-2026-plp-nominations/,medium
Elaine Stewart,"Ayr, Carrick and Cumnock",Andy Burnham,2026-07-09,0,http://web.archive.org/web/20260709185456/https://labour.org.uk/labour-leadership-2026/labour-leadership-2026-plp-nominations/,medium
Will Stone,Swindon North,Andy Burnham,2026-07-09,0,http://web.archive.org/web/20260709185456/https://labour.org.uk/labour-leadership-2026/labour-leadership-2026-plp-nominations/,medium
Alistair Strathern,Hitchin,Andy Burnham,2026-07-09,0,http://web.archive.org/web/20260709185456/https://labour.org.uk/labour-leadership-2026/labour-leadership-2026-plp-nominations/,medium
Wes Streeting,Ilford North,Andy Burnham,2026-07-09,0,http://web.archive.org/web/20260709185456/https://labour.org.uk/labour-leadership-2026/labour-leadership-2026-plp-nominations/,medium
Alan Strickland,Newton Aycliffe and Spennymoor,Andy Burnham,2026-07-09,0,http://web.archive.org/web/20260709185456/https://labour.org.uk/labour-leadership-2026/labour-leadership-2026-plp-nominations/,medium
Dr Lauren Sullivan,Gravesham,Andy Burnham,2026-07-09,0,http://web.archive.org/web/20260709185456/https://labour.org.uk/labour-leadership-2026/labour-leadership-2026-plp-nominations/,medium
Kirsteen Sullivan,Bathgate and Linlithgow,Andy Burnham,2026-07-09,0,http://web.archive.org/web/20260709185456/https://labour.org.uk/labour-leadership-2026/labour-leadership-2026-plp-nominations/,medium
Peter Swallow,Bracknell,Andy Burnham,2026-07-09,0,http://web.archive.org/web/20260709185456/https://labour.org.uk/labour-leadership-2026/labour-leadership-2026-plp-nominations/,medium
Sir Mark Tami,Alyn and Deeside,Andy Burnham,2026-07-09,0,http://web.archive.org/web/20260709185456/https://labour.org.uk/labour-leadership-2026/labour-leadership-2026-plp-nominations/,medium
Alison Taylor,Paisley and Renfrewshire North,Andy Burnham,2026-07-09,0,http://web.archive.org/web/20260709185456/https://labour.org.uk/labour-leadership-2026/labour-leadership-2026-plp-nominations/,medium
Rachel Taylor,North Warwickshire and Bedworth,Andy Burnham,2026-07-09,0,http://web.archive.org/web/20260709185456/https://labour.org.uk/labour-leadership-2026/labour-leadership-2026-plp-nominations/,medium
Fred Thomas,Plymouth Moor View,Andy Burnham,2026-07-09,0,http://web.archive.org/web/20260709185456/https://labour.org.uk/labour-leadership-2026/labour-leadership-2026-plp-nominations/,medium
Gareth Thomas,Harrow West,Andy Burnham,2026-07-09,0,http://web.archive.org/web/20260709185456/https://labour.org.uk/labour-leadership-2026/labour-leadership-2026-plp-nominations/,medium
Nick Thomas-Symonds,Torfaen,Andy Burnham,2026-07-09,0,http://web.archive.org/web/20260709185456/https://labour.org.uk/labour-leadership-2026/labour-leadership-2026-plp-nominations/,medium
Adam Thompson,Erewash,Andy Burnham,2026-07-09,0,http://web.archive.org/web/20260709185456/https://labour.org.uk/labour-leadership-2026/labour-leadership-2026-plp-nominations/,medium
Emily Thornberry,Islington South and Finsbury,Andy Burnham,2026-07-09,0,http://web.archive.org/web/20260709185456/https://labour.org.uk/labour-leadership-2026/labour-leadership-2026-plp-nominations/,medium
Dr Marie Tidball,Penistone and Stocksbridge,Andy Burnham,2026-07-09,0,http://web.archive.org/web/20260709185456/https://labour.org.uk/labour-leadership-2026/labour-leadership-2026-plp-nominations/,medium
Sir Stephen Timms,East Ham,Andy Burnham,2026-07-09,0,http://web.archive.org/web/20260709185456/https://labour.org.uk/labour-leadership-2026/labour-leadership-2026-plp-nominations/,medium
Dan Tomlinson,Chipping Barnet,Andy Burnham,2026-07-09,0,http://web.archive.org/web/20260709185456/https://labour.org.uk/labour-leadership-2026/labour-leadership-2026-plp-nominations/,medium
Henry Tufnell,Mid and South Pembrokeshire,Andy Burnham,2026-07-09,0,http://web.archive.org/web/20260709185456/https://labour.org.uk/labour-leadership-2026/labour-leadership-2026-plp-nominations/,medium
Matt Turmaine,Watford,Andy Burnham,2026-07-09,0,http://web.archive.org/web/20260709185456/https://labour.org.uk/labour-leadership-2026/labour-leadership-2026-plp-nominations/,medium
Laurence Turner,Birmingham Northfield,Andy Burnham,2026-07-09,0,http://web.archive.org/web/20260709185456/https://labour.org.uk/labour-leadership-2026/labour-leadership-2026-plp-nominations/,medium
Derek Twigg,Widnes and Halewood,Andy Burnham,2026-07-09,0,http://web.archive.org/web/20260709185456/https://labour.org.uk/labour-leadership-2026/labour-leadership-2026-plp-nominations/,medium
Liz Twist,Blaydon and Consett,Andy Burnham,2026-07-09,0,http://web.archive.org/web/20260709185456/https://labour.org.uk/labour-leadership-2026/labour-leadership-2026-plp-nominations/,medium
Harpreet Uppal,Huddersfield,Andy Burnham,2026-07-09,0,http://web.archive.org/web/20260709185456/https://labour.org.uk/labour-leadership-2026/labour-leadership-2026-plp-nominations/,medium
Tony Vaughan,Folkestone and Hythe,Andy Burnham,2026-07-09,0,http://web.archive.org/web/20260709185456/https://labour.org.uk/labour-leadership-2026/labour-leadership-2026-plp-nominations/,medium
Valerie Vaz,Walsall and Bloxwich,Andy Burnham,2026-07-09,0,http://web.archive.org/web/20260709185456/https://labour.org.uk/labour-leadership-2026/labour-leadership-2026-plp-nominations/,medium
Christian Wakeford,Bury South,Andy Burnham,2026-07-09,0,http://web.archive.org/web/20260709185456/https://labour.org.uk/labour-leadership-2026/labour-leadership-2026-plp-nominations/,medium
Melanie Ward,Cowdenbeath and Kirkcaldy,Andy Burnham,2026-07-09,0,http://web.archive.org/web/20260709185456/https://labour.org.uk/labour-leadership-2026/labour-leadership-2026-plp-nominations/,medium
Paul Waugh,Rochdale,Andy Burnham,2026-07-09,0,http://web.archive.org/web/20260709185456/https://labour.org.uk/labour-leadership-2026/labour-leadership-2026-plp-nominations/,medium
Chris Webb,Blackpool South,Andy Burnham,2026-07-09,0,http://web.archive.org/web/20260709185456/https://labour.org.uk/labour-leadership-2026/labour-leadership-2026-plp-nominations/,medium
Michelle Welsh,Sherwood Forest,Andy Burnham,2026-07-09,0,http://web.archive.org/web/20260709185456/https://labour.org.uk/labour-leadership-2026/labour-leadership-2026-plp-nominations/,medium
Andrew Western,Stretford and Urmston,Andy Burnham,2026-07-09,0,http://web.archive.org/web/20260709185456/https://labour.org.uk/labour-leadership-2026/labour-leadership-2026-plp-nominations/,medium
Michael Wheeler,Worsley and Eccles,Andy Burnham,2026-07-09,0,http://web.archive.org/web/20260709185456/https://labour.org.uk/labour-leadership-2026/labour-leadership-2026-plp-nominations/,medium
Jo White,Bassetlaw,Andy Burnham,2026-07-09,0,http://web.archive.org/web/20260709185456/https://labour.org.uk/labour-leadership-2026/labour-leadership-2026-plp-nominations/,medium
Katie White,Leeds North West,Andy Burnham,2026-07-09,0,http://web.archive.org/web/20260709185456/https://labour.org.uk/labour-leadership-2026/labour-leadership-2026-plp-nominations/,medium
David Williams,Stoke-on-Trent North,Andy Burnham,2026-07-09,0,http://web.archive.org/web/20260709185456/https://labour.org.uk/labour-leadership-2026/labour-leadership-2026-plp-nominations/,medium
Sean Woodcock,Banbury,Andy Burnham,2026-07-09,0,http://web.archive.org/web/20260709185456/https://labour.org.uk/labour-leadership-2026/labour-leadership-2026-plp-nominations/,medium
Rosie Wrighting,Kettering,Andy Burnham,2026-07-09,0,http://web.archive.org/web/20260709185456/https://labour.org.uk/labour-leadership-2026/labour-leadership-2026-plp-nominations/,medium
Yuan Yang,Earley and Woodley,Andy Burnham,2026-07-09,0,http://web.archive.org/web/20260709185456/https://labour.org.uk/labour-leadership-2026/labour-leadership-2026-plp-nominations/,medium
Mohammad Yasin,Bedford,Andy Burnham,2026-07-09,0,http://web.archive.org/web/20260709185456/https://labour.org.uk/labour-leadership-2026/labour-leadership-2026-plp-nominations/,medium
Steve Yemm,Mansfield,Andy Burnham,2026-07-09,0,http://web.archive.org/web/20260709185456/https://labour.org.uk/labour-leadership-2026/labour-leadership-2026-plp-nominations/,medium
Daniel Zeichner,Cambridge,Andy Burnham,2026-07-09,0,http://web.archive.org/web/20260709185456/https://labour.org.uk/labour-leadership-2026/labour-leadership-2026-plp-nominations/,medium
Jack Abbott,Ipswich,Andy Burnham,2026-07-13,4,http://web.archive.org/web/20260713215255/https://labour.org.uk/labour-leadership-2026/labour-leadership-2026-plp-nominations/,medium
Tahir Ali,Birmingham Hall Green and Moseley,Andy Burnham,2026-07-13,4,http://web.archive.org/web/20260713215255/https://labour.org.uk/labour-leadership-2026/labour-leadership-2026-plp-nominations/,medium
Richard Burgon,Leeds East,Andy Burnham,2026-07-13,4,http://web.archive.org/web/20260713215255/https://labour.org.uk/labour-leadership-2026/labour-leadership-2026-plp-nominations/,medium
Ian Byrne,Liverpool West Derby,Andy Burnham,2026-07-13,4,http://web.archive.org/web/20260713215255/https://labour.org.uk/labour-leadership-2026/labour-leadership-2026-plp-nominations/,medium
Juliet Campbell,Broxtowe,Andy Burnham,2026-07-13,4,http://web.archive.org/web/20260713215255/https://labour.org.uk/labour-leadership-2026/labour-leadership-2026-plp-nominations/,medium
Catherine Fookes,Monmouthshire,Andy Burnham,2026-07-13,4,http://web.archive.org/web/20260713215255/https://labour.org.uk/labour-leadership-2026/labour-leadership-2026-plp-nominations/,medium
Gill German,Clwyd North,Andy Burnham,2026-07-13,4,http://web.archive.org/web/20260713215255/https://labour.org.uk/labour-leadership-2026/labour-leadership-2026-plp-nominations/,medium
Amanda Hack,North West Leicestershire,Andy Burnham,2026-07-13,4,http://web.archive.org/web/20260713215255/https://labour.org.uk/labour-leadership-2026/labour-leadership-2026-plp-nominations/,medium
Dame Meg Hillier,Hackney South and Shoreditch,Andy Burnham,2026-07-13,4,http://web.archive.org/web/20260713215255/https://labour.org.uk/labour-leadership-2026/labour-leadership-2026-plp-nominations/,medium
Imran Hussain,Bradford East,Andy Burnham,2026-07-13,4,http://web.archive.org/web/20260713215255/https://labour.org.uk/labour-leadership-2026/labour-leadership-2026-plp-nominations/,medium
Louise Jones,North East Derbyshire,Andy Burnham,2026-07-13,4,http://web.archive.org/web/20260713215255/https://labour.org.uk/labour-leadership-2026/labour-leadership-2026-plp-nominations/,medium
Jayne Kirkham,Truro and Falmouth,Andy Burnham,2026-07-13,4,http://web.archive.org/web/20260713215255/https://labour.org.uk/labour-leadership-2026/labour-leadership-2026-plp-nominations/,medium
Margaret Mullane,Dagenham and Rainham,Andy Burnham,2026-07-13,4,http://web.archive.org/web/20260713215255/https://labour.org.uk/labour-leadership-2026/labour-leadership-2026-plp-nominations/,medium
Katrina Murray,Cumbernauld and Kirkintilloch,Andy Burnham,2026-07-13,4,http://web.archive.org/web/20260713215255/https://labour.org.uk/labour-leadership-2026/labour-leadership-2026-plp-nominations/,medium
Kate Osamor,Edmonton and Winchmore Hill,Andy Burnham,2026-07-13,4,http://web.archive.org/web/20260713215255/https://labour.org.uk/labour-leadership-2026/labour-leadership-2026-plp-nominations/,medium
Darren Paffey,Southampton Itchen,Andy Burnham,2026-07-13,4,http://web.archive.org/web/20260713215255/https://labour.org.uk/labour-leadership-2026/labour-leadership-2026-plp-nominations/,medium
Jess Phillips,Birmingham Yardley,Andy Burnham,2026-07-13,4,http://web.archive.org/web/20260713215255/https://labour.org.uk/labour-leadership-2026/labour-leadership-2026-plp-nominations/,medium
Mike Reader,Northampton South,Andy Burnham,2026-07-13,4,http://web.archive.org/web/20260713215255/https://labour.org.uk/labour-leadership-2026/labour-leadership-2026-plp-nominations/,medium
Steve Reed,Streatham and Croydon North,Andy Burnham,2026-07-13,4,http://web.archive.org/web/20260713215255/https://labour.org.uk/labour-leadership-2026/labour-leadership-2026-plp-nominations/,medium
Michelle Scrogham,Barrow and Furness,Andy Burnham,2026-07-13,4,http://web.archive.org/web/20260713215255/https://labour.org.uk/labour-leadership-2026/labour-leadership-2026-plp-nominations/,medium
Mike Tapp,Dover and Deal,Andy Burnham,2026-07-13,4,http://web.archive.org/web/20260713215255/https://labour.org.uk/labour-leadership-2026/labour-leadership-2026-plp-nominations/,medium
David Taylor,Hemel Hempstead,Andy Burnham,2026-07-13,4,http://web.archive.org/web/20260713215255/https://labour.org.uk/labour-leadership-2026/labour-leadership-2026-plp-nominations/,medium
Chris Vince,Harlow,Andy Burnham,2026-07-13,4,http://web.archive.org/web/20260713215255/https://labour.org.uk/labour-leadership-2026/labour-leadership-2026-plp-nominations/,medium
Imogen Walker,Hamilton and Clyde Valley,Andy Burnham,2026-07-13,4,http://web.archive.org/web/20260713215255/https://labour.org.uk/labour-leadership-2026/labour-leadership-2026-plp-nominations/,medium
Chris Ward,Brighton Kemptown and Peacehaven,Andy Burnham,2026-07-13,4,http://web.archive.org/web/20260713215255/https://labour.org.uk/labour-leadership-2026/labour-leadership-2026-plp-nominations/,medium
Catherine West,Hornsey and Friern Barnet,Andy Burnham,2026-07-13,4,http://web.archive.org/web/20260713215255/https://labour.org.uk/labour-leadership-2026/labour-leadership-2026-plp-nominations/,medium
John Whitby,Derbyshire Dales,Andy Burnham,2026-07-13,4,http://web.archive.org/web/20260713215255/https://labour.org.uk/labour-leadership-2026/labour-leadership-2026-plp-nominations/,medium
James Asser,West Ham and Beckton,Andy Burnham,2026-07-16,7,http://web.archive.org/web/20260716143953/https://labour.org.uk/labour-leadership-2026/labour-leadership-2026-plp-nominations/,medium
Johanna Baxter,Paisley and Renfrewshire South,Andy Burnham,2026-07-16,7,http://web.archive.org/web/20260716143953/https://labour.org.uk/labour-leadership-2026/labour-leadership-2026-plp-nominations/,medium
Markus Campbell-Savours,Penrith and Solway,Andy Burnham,2026-07-16,7,http://web.archive.org/web/20260716143953/https://labour.org.uk/labour-leadership-2026/labour-leadership-2026-plp-nominations/,medium
Pam Cox,Colchester,Andy Burnham,2026-07-16,7,http://web.archive.org/web/20260716143953/https://labour.org.uk/labour-leadership-2026/labour-leadership-2026-plp-nominations/,medium
Neil Coyle,Bermondsey and Old Southwark,Catherine West,2026-07-16,7,http://web.archive.org/web/20260716143953/https://labour.org.uk/labour-leadership-2026/labour-leadership-2026-plp-nominations/,medium
Jen Craft,Thurrock,Andy Burnham,2026-07-16,7,http://web.archive.org/web/20260716143953/https://labour.org.uk/labour-leadership-2026/labour-leadership-2026-plp-nominations/,medium
Judith Cummins,Bradford South,Andy Burnham,2026-07-16,7,http://web.archive.org/web/20260716143953/https://labour.org.uk/labour-leadership-2026/labour-leadership-2026-plp-nominations/,medium
Jonathan Davies,Mid Derbyshire,Andy Burnham,2026-07-16,7,http://web.archive.org/web/20260716143953/https://labour.org.uk/labour-leadership-2026/labour-leadership-2026-plp-nominations/,medium
Josh Dean,Hertford and Stortford,Andy Burnham,2026-07-16,7,http://web.archive.org/web/20260716143953/https://labour.org.uk/labour-leadership-2026/labour-leadership-2026-plp-nominations/,medium
Sarah Edwards,Tamworth,Andy Burnham,2026-07-16,7,http://web.archive.org/web/20260716143953/https://labour.org.uk/labour-leadership-2026/labour-leadership-2026-plp-nominations/,medium
Chris Evans,Caerphilly,Andy Burnham,2026-07-16,7,http://web.archive.org/web/20260716143953/https://labour.org.uk/labour-leadership-2026/labour-leadership-2026-plp-nominations/,medium
Daniel Francis,Bexleyheath and Crayford,Andy Burnham,2026-07-16,7,http://web.archive.org/web/20260716143953/https://labour.org.uk/labour-leadership-2026/labour-leadership-2026-plp-nominations/,medium
Jodie Gosling,Nuneaton,Andy Burnham,2026-07-16,7,http://web.archive.org/web/20260716143953/https://labour.org.uk/labour-leadership-2026/labour-leadership-2026-plp-nominations/,medium
Sir Mark Hendrick,Preston,Andy Burnham,2026-07-16,7,http://web.archive.org/web/20260716143953/https://labour.org.uk/labour-leadership-2026/labour-leadership-2026-plp-nominations/,medium
Jonathan Hinder,Pendle and Clitheroe,Andy Burnham,2026-07-16,7,http://web.archive.org/web/20260716143953/https://labour.org.uk/labour-leadership-2026/labour-leadership-2026-plp-nominations/,medium
Sharon Hodgson,Washington and Gateshead South,Andy Burnham,2026-07-16,7,http://web.archive.org/web/20260716143953/https://labour.org.uk/labour-leadership-2026/labour-leadership-2026-plp-nominations/,medium
Leigh Ingham,Stafford,Andy Burnham,2026-07-16,7,http://web.archive.org/web/20260716143953/https://labour.org.uk/labour-leadership-2026/labour-leadership-2026-plp-nominations/,medium
Gerald Jones,Merthyr Tydfil and Aberdare,Andy Burnham,2026-07-16,7,http://web.archive.org/web/20260716143953/https://labour.org.uk/labour-leadership-2026/labour-leadership-2026-plp-nominations/,medium
Gurinder Singh Josan,Smethwick,Andy Burnham,2026-07-16,7,http://web.archive.org/web/20260716143953/https://labour.org.uk/labour-leadership-2026/labour-leadership-2026-plp-nominations/,medium
Gen Kitchen,Wellingborough and Rushden,Andy Burnham,2026-07-16,7,http://web.archive.org/web/20260716143953/https://labour.org.uk/labour-leadership-2026/labour-leadership-2026-plp-nominations/,medium
Brian Leishman,Alloa and Grangemouth,Andy Burnham,2026-07-16,7,http://web.archive.org/web/20260716143953/https://labour.org.uk/labour-leadership-2026/labour-leadership-2026-plp-nominations/,medium
Julie Minns,Carlisle,Andy Burnham,2026-07-16,7,http://web.archive.org/web/20260716143953/https://labour.org.uk/labour-leadership-2026/labour-leadership-2026-plp-nominations/,medium
Jessica Morden,Newport East,Andy Burnham,2026-07-16,7,http://web.archive.org/web/20260716143953/https://labour.org.uk/labour-leadership-2026/labour-leadership-2026-plp-nominations/,medium
Luke Myer,Middlesbrough South and East Cleveland,Andy Burnham,2026-07-16,7,http://web.archive.org/web/20260716143953/https://labour.org.uk/labour-leadership-2026/labour-leadership-2026-plp-nominations/,medium
Abena Oppong-Asare,Erith and Thamesmead,Andy Burnham,2026-07-16,7,http://web.archive.org/web/20260716143953/https://labour.org.uk/labour-leadership-2026/labour-leadership-2026-plp-nominations/,medium
Marie Rimmer,St Helens South and Whiston,Andy Burnham,2026-07-16,7,http://web.archive.org/web/20260716143953/https://labour.org.uk/labour-leadership-2026/labour-leadership-2026-plp-nominations/,medium
Mark Sewards,Leeds South West and Morley,Andy Burnham,2026-07-16,7,http://web.archive.org/web/20260716143953/https://labour.org.uk/labour-leadership-2026/labour-leadership-2026-plp-nominations/,medium
Tulip Siddiq,Hampstead and Highgate,Andy Burnham,2026-07-16,7,http://web.archive.org/web/20260716143953/https://labour.org.uk/labour-leadership-2026/labour-leadership-2026-plp-nominations/,medium
Cat Smith,Lancaster and Wyre,Andy Burnham,2026-07-16,7,http://web.archive.org/web/20260716143953/https://labour.org.uk/labour-leadership-2026/labour-leadership-2026-plp-nominations/,medium
Matt Western,Warwick and Leamington,Andy Burnham,2026-07-16,7,http://web.archive.org/web/20260716143953/https://labour.org.uk/labour-leadership-2026/labour-leadership-2026-plp-nominations/,medium
Steve Witherden,Montgomeryshire and Glyndŵr,Andy Burnham,2026-07-16,7,http://web.archive.org/web/20260716143953/https://labour.org.uk/labour-leadership-2026/labour-leadership-2026-plp-nominations/,medium
