pollster,fieldwork_end,labour,conservative,reform,libdem,green,leader_net,source_url
Deltapoll,2025-01-03,30.0,23.0,22.0,12.0,9.0,-42,https://deltapoll.co.uk/wp-content/uploads/2025/01/Deltapoll-MoS_250106.pdf
Freshwater Strategy,2025-01-06,28.0,29.0,23.0,12.0,5.0,,https://freshwaterstrategy.com/wp-content/uploads/Data-Tables-City-AM-Freshwater-Strategy-UK-Polling-070125-FINAL.xlsx
Find Out Now,2025-01-08,25.0,20.0,25.0,11.0,11.0,,https://web.archive.org/web/20250109125721/https://cms.findoutnow.co.uk/app/uploads/2025/01/8th-Jan-VI-Find-Out-Now.xlsx
More in Common,2025-01-08,26.0,26.0,22.0,12.0,7.0,,https://www.moreincommon.org.uk/media/uiwb2sat/january-8-voting-intention.xlsx
Opinium,2025-01-10,29.0,23.0,24.0,10.0,9.0,-33,https://web.archive.org/web/20250111201737/https://www.opinium.com/wp-content/uploads/2025/01/VI-2025-01-08-Observer-Tables.xlsx
YouGov,2025-01-13,26.0,22.0,25.0,14.0,8.0,-41,https://ygo-assets-websites-editorial-emea.yougov.net/documents/VotingIntention_MRP_250113_w.pdf
More in Common,2025-01-13,24.0,25.0,24.0,12.0,8.0,-39,https://www.moreincommon.org.uk/media/jffes4ou/january-13-vi-and-political-trackers.xlsx
Ipsos,2025-01-13,,,,,,-27,https://www.ipsos.com/en-uk/more-britons-favourable-towards-nigel-farage-keir-starmer-kemi-badenoch-and-ed-davey
JL Partners,2025-01-14,26.0,25.0,22.0,13.0,9.0,,https://jlpartners.co.uk/s/Voting-Intention-blyp.xlsx
Find Out Now,2025-01-15,24.0,25.0,25.0,12.0,10.0,,https://cms.findoutnow.co.uk/app/uploads/2025/01/15th-Jan-VI-Find-Out-Now.xlsx
Techne,2025-01-16,26.0,25.0,23.0,12.0,7.0,,https://web.archive.org/web/20250117010538/https://www.techneuk.com/wp-content/uploads/2025/01/R137-UK-2024-1-17-DATA.pdf
YouGov,2025-01-20,26.0,22.0,24.0,14.0,9.0,,https://ygo-assets-websites-editorial-emea.yougov.net/documents/VotingIntention_MRP_250120.pdf
More in Common,2025-01-20,24.0,25.0,25.0,12.0,7.0,-36,https://www.moreincommon.org.uk/media/k4pp3jza/january-20-voting-intention.xlsx
Deltapoll,2025-01-20,29.0,25.0,22.0,11.0,8.0,-35,https://deltapoll.co.uk/wp-content/uploads/2025/01/Deltapoll-IfG-Conference-250121.pdf
Lord Ashcroft Polls,2025-01-20,28.0,25.0,20.0,11.0,9.0,,https://lordashcroftpolls.com/wp-content/uploads/2025/01/Lord-Ashcroft-Polls-January-2025-Data-tables.xls
Find Out Now,2025-01-22,22.0,23.0,26.0,12.0,10.0,,https://cms.findoutnow.co.uk/app/uploads/2025/01/22nd-Jan-VI-Find-Out-Now.xlsx
Whitestone Insight,2025-01-23,25.0,20.0,24.0,12.0,13.0,,https://static1.squarespace.com/static/63725a1a981a7861d58633f1/t/679b5e6bfc25c032d424df00/1738235500060/Voting+Intention+Poll+Tables+Jan+2025.pdf
Techne,2025-01-23,25.0,24.0,24.0,13.0,7.0,,https://web.archive.org/web/20250124161911/https://www.techneuk.com/wp-content/uploads/2025/01/R138-UK-2024-1-24-DATA.pdf
Opinium,2025-01-24,28.0,21.0,27.0,11.0,8.0,-34,https://www.opinium.com/wp-content/uploads/2025/01/VI-2025-01-22-Observer-Tables-Final.xlsx
YouGov,2025-01-27,27.0,22.0,23.0,14.0,9.0,,https://ygo-assets-websites-editorial-emea.yougov.net/documents/VotingIntention_MRP_250127_publish.pdf
More in Common,2025-01-27,25.0,24.0,25.0,13.0,7.0,-42,https://www.moreincommon.org.uk/media/rv2b0fig/voting-intention-jan-27.xlsx
Find Out Now,2025-01-29,23.0,21.0,27.0,11.0,10.0,,https://cms.findoutnow.co.uk/app/uploads/2025/01/29th-Jan-VI-Find-Out-Now.xlsx
BMG Research,2025-01-29,25.0,25.0,24.0,14.0,8.0,-33,https://bmgresearch.com/wp-content/uploads/2025/02/january-2025-omni-tables-for-the-i.xlsx
Survation,2025-01-29,27.0,22.0,24.0,13.0,8.0,-19,https://cdn.survation.com/wp-content/uploads/2025/01/30130438/Survation_VI_2025_01_30_Tables.xlsx
Find Out Now/ Electoral Calculus (MRP),2025-01-29,23.0,23.0,24.0,11.0,8.0,,https://www.electoralcalculus.co.uk/blogs/ec_vipoll_20250207.html
Techne,2025-01-30,26.0,23.0,24.0,12.0,7.0,,https://airtable.com/app2B86l5bTIO1uMA/shrwnOxInc2P2ikJ7/tbl67t4FpUCgEc3is/viwMvQWotUvypoqxJ/recHVkn5lTWAc01WR/fldovodKVj4MXgDmO/att7ho26DjQGwCAfl
Freshwater Strategy,2025-02-02,29.0,28.0,22.0,9.0,7.0,,https://freshwaterstrategy.com/wp-content/uploads/Data-Tables-City-AM-Freshwater-Strategy-UK-Polling-F03022515.xlsx
YouGov,2025-02-03,24.0,21.0,25.0,14.0,9.0,,https://ygo-assets-websites-editorial-emea.yougov.net/documents/VotingIntention_MRP_250203_w.pdf
More in Common,2025-02-03,24.0,26.0,24.0,13.0,6.0,-38,https://www.moreincommon.org.uk/media/ym5btrr5/3-february-voting-intention-trackers.xlsx
Find Out Now,2025-02-03,,,,,,-47,https://cms.findoutnow.co.uk/app/uploads/2025/03/January.pdf
Find Out Now,2025-02-05,25.0,18.0,29.0,13.0,10.0,,https://cms.findoutnow.co.uk/app/uploads/2025/02/5th-Feb-VI-Find-Out-Now.xlsx
Techne,2025-02-06,25.0,23.0,25.0,13.0,7.0,,https://airtable.com/app2B86l5bTIO1uMA/shrwnOxInc2P2ikJ7/tbl67t4FpUCgEc3is/viwMvQWotUvypoqxJ/recB4T5hcGz44lY0s/fldovodKVj4MXgDmO/attpvaWp0440ydSPB
Opinium,2025-02-07,27.0,22.0,26.0,11.0,8.0,-34,https://www.opinium.com/wp-content/uploads/2025/02/VI-2025-02-05-Observer-Tables.xlsx
YouGov,2025-02-10,25.0,21.0,26.0,14.0,9.0,,https://ygo-assets-websites-editorial-emea.yougov.net/documents/VotingIntention_MRP_250210_w.pdf
More in Common,2025-02-10,25.0,23.0,25.0,12.0,8.0,-41,https://www.moreincommon.org.uk/media/eqpdhzd0/10-february-vi-and-trackers.xlsx
Ipsos,2025-02-11,,,,,,-34,https://www.ipsos.com/en-uk/more-britons-favourable-towards-nigel-farage-keir-starmer-kemi-badenoch-and-ed-davey
Find Out Now,2025-02-12,23.0,21.0,29.0,12.0,9.0,,https://findoutnow.co.uk/blog/voting-intention-12th-feb-2025/
Techne,2025-02-13,26.0,22.0,25.0,12.0,8.0,,https://airtable.com/app2B86l5bTIO1uMA/shrwnOxInc2P2ikJ7/tbl67t4FpUCgEc3is/viwMvQWotUvypoqxJ/rec6b6crM8vbGu4U2/fldovodKVj4MXgDmO/att16qkygBvmXNIPB
YouGov,2025-02-16,,,,,,-43,https://d3nkl3psvxxpe9.cloudfront.net/documents/P_Main_Political_Tracker_Survey_Rotation13_sr_2.pdf
YouGov,2025-02-17,25.0,21.0,27.0,14.0,9.0,-40,https://ygo-assets-websites-editorial-emea.yougov.net/documents/VotingIntention_MRP_250217.pdf
Lord Ashcroft Polls,2025-02-17,27.0,23.0,23.0,9.0,11.0,,https://lordashcroftpolls.com/2025/02/starmer-in-the-us-does-labour-have-a-plan-and-who-would-rule-the-roost-in-a-tory-reform-alliance/
More in Common,2025-02-18,25.0,23.0,26.0,12.0,7.0,-37,https://www.moreincommon.org.uk/media/qkxpmkde/18-voting-intention-and-trackers.xlsx
Redfield & Wilton Strategies,2025-02-18,,,,,,-18,https://redfieldandwiltonstrategies.com/a-majority-of-britons-view-the-labour-government-as-incompetent/
Find Out Now,2025-02-19,24.0,20.0,28.0,12.0,10.0,-45,https://cms.findoutnow.co.uk/app/uploads/2025/02/19th-Feb-VI-Find-Out-Now.xlsx
Techne,2025-02-20,25.0,22.0,26.0,12.0,7.0,,https://airtable.com/app2B86l5bTIO1uMA/shrwnOxInc2P2ikJ7/tbl67t4FpUCgEc3is/viwMvQWotUvypoqxJ/recBk5Vpaao0xaDfT/fldovodKVj4MXgDmO/attcECe0JKYtDYJeL
Opinium,2025-02-21,28.0,21.0,26.0,12.0,8.0,-34,https://www.opinium.com/wp-content/uploads/2025/02/VI-2025-02-19-Observer-Tables.xlsx
JL Partners,2025-02-21,,,,,,-28,https://static1.squarespace.com/static/5db0ca668552dd5ab1168a91/t/67d80523f107b40aeaf50946/1742210340036/ASI+Tables.xlsx
YouGov,2025-02-24,24.0,22.0,25.0,16.0,8.0,,https://ygo-assets-websites-editorial-emea.yougov.net/documents/VotingIntention_MRP_250224_w.pdf
More in Common,2025-02-24,23.0,25.0,24.0,16.0,8.0,-39,https://www.moreincommon.org.uk/media/ysgmrdxp/24-feb-votingintention-and-trackers.xlsx
Find Out Now,2025-02-26,23.0,21.0,28.0,13.0,10.0,,https://cms.findoutnow.co.uk/app/uploads/2025/02/26th-Feb-VI-Find-Out-Now.xlsx
BMG Research,2025-02-26,26.0,22.0,27.0,12.0,8.0,-30,https://bmgresearch.com/wp-content/uploads/2025/03/february-omni-tables-for-the-i.xlsx
Techne,2025-02-27,26.0,22.0,25.0,13.0,8.0,,https://www.techneuk.com/wp-content/uploads/2025/02/R143-UK-2024-2-28-DATA.pdf
Focaldata,2025-02-28,24.0,22.0,21.0,14.0,8.0,,https://docs.google.com/spreadsheets/d/1Sk7Ne1Dq9POVWCpudzKD5fLqUGR4NXGaqlOr-msV_K0/edit?gid=1116515620#gid=1116515620
Freshwater Strategy,2025-03-02,24.0,23.0,27.0,15.0,7.0,,https://freshwaterstrategy.com/wp-content/uploads/Data-Tables-City-AM-Freshwater-Strategy-UK-Polling-F030325.xlsx
More in Common,2025-03-02,26.0,24.0,24.0,13.0,7.0,,https://www.moreincommon.org.uk/media/4yfbakv4/march-2nd-voting-intention-1.xlsx
YouGov,2025-03-03,26.0,21.0,25.0,14.0,9.0,,https://ygo-assets-websites-editorial-emea.yougov.net/documents/VotingIntention_MRP_250303_w.pdf
Redfield & Wilton Strategies,2025-03-03,,,,,,-14,https://redfieldandwiltonstrategies.com/majorities-of-british-voters-support-increasing-defence-spending-role-for-uk-peacekeepers-in-ukraine/
More in Common,2025-03-03,,,,,,-28,https://www.moreincommon.org.uk/media/4mof4tzy/mic-leader-approvals-28-feb-2-march.xlsx
Find Out Now,2025-03-05,25.0,21.0,26.0,12.0,10.0,,https://cms.findoutnow.co.uk/app/uploads/2025/03/5th-March-VI-Find-Out-Now.xlsx
YouGov,2025-03-05,,,,,,-28,https://yougov.co.uk/politics/articles/51739-how-have-recent-developments-in-ukraine-affected-favourability-ratings
Techne,2025-03-06,28.0,21.0,25.0,13.0,7.0,,https://www.techneuk.com/wp-content/uploads/2025/03/R144-UK-2024-3-7-DATA-2.pdf
Opinium,2025-03-07,28.0,20.0,27.0,12.0,8.0,-23,https://www.opinium.com/wp-content/uploads/2025/03/VI-2025-03-05-Observer-Tables.xlsx
JL Partners,2025-03-09,26.0,24.0,23.0,14.0,7.0,-19,https://jlpartners.co.uk/s/March-VI-Tables.xlsx
YouGov,2025-03-10,24.0,22.0,23.0,15.0,9.0,,https://ygo-assets-websites-editorial-emea.yougov.net/documents/VotingIntention_MRP_250310_w.pdf
More in Common,2025-03-10,25.0,23.0,25.0,14.0,8.0,-26,https://www.moreincommon.org.uk/media/3mjhk0o3/10th-march-voting-intention.xlsx
Find Out Now,2025-03-10,,,,,,-30,https://cms.findoutnow.co.uk/app/uploads/2025/03/March.pdf
YouGov,2025-03-11,,,,,,-32,https://d3nkl3psvxxpe9.cloudfront.net/documents/Internal_Favourability_250311.pdf
Find Out Now,2025-03-12,24.0,21.0,27.0,11.0,10.0,,https://cms.findoutnow.co.uk/app/uploads/2025/03/12th-March-VI-Find-Out-Now.xlsx
Techne,2025-03-13,27.0,22.0,24.0,14.0,7.0,,https://www.techneuk.com/wp-content/uploads/2025/03/R145-UK-2024-3-14-DATA.pdf
YouGov,2025-03-14,,,,,,-26,https://yougov.co.uk/international/articles/51936-western-european-leaders-favourability
YouGov,2025-03-17,26.0,22.0,24.0,14.0,9.0,-25,https://d3nkl3psvxxpe9.cloudfront.net/documents/VotingIntention_MRP_250317_w.pdf
Deltapoll,2025-03-17,25.0,25.0,23.0,11.0,9.0,-31,https://deltapoll.co.uk/wp-content/uploads/2025/03/Deltapoll-250318_trackers.pdf
More in Common,2025-03-17,25.0,24.0,25.0,12.0,7.0,-27,https://www.moreincommon.org.uk/media/0lmnkyoc/feb17-votingintention.xlsx
Lord Ashcroft Polls,2025-03-17,30.0,24.0,19.0,9.0,11.0,,https://lordashcroftpolls.com/wp-content/uploads/2025/03/Lord-Ashcroft-Polls-Political-Poll-March-2025-Full-tables.xls
Ipsos,2025-03-17,,,,,,-17,https://www.ipsos.com/en-uk/boost-keir-starmer-ratings-improve-public-think-his-government-are-doing-poor-job-issues-matter
Find Out Now,2025-03-19,22.0,21.0,27.0,14.0,11.0,,https://cms.findoutnow.co.uk/app/uploads/2025/03/19th-March-VI-Find-Out-Now.xlsx
Techne,2025-03-20,27.0,23.0,23.0,14.0,7.0,,https://www.techneuk.com/wp-content/uploads/2025/03/R146-UK-2024-3-21-DATA.pdf
Opinium,2025-03-21,26.0,21.0,26.0,13.0,8.0,-29,https://www.opinium.com/wp-content/uploads/2025/03/VI-2025-03-19-Observer-Tables.xlsx
YouGov,2025-03-24,23.0,22.0,22.0,16.0,10.0,,https://d3nkl3psvxxpe9.cloudfront.net/documents/VotingIntention_MRP_250324_w.pdf
More in Common,2025-03-24,24.0,25.0,24.0,12.0,10.0,-32,https://www.moreincommon.org.uk/media/uqnlo43w/votingintention-24-march.xlsx
Find Out Now,2025-03-26,23.0,22.0,26.0,12.0,11.0,,https://cms.findoutnow.co.uk/app/uploads/2025/03/26th-March-VI-Find-Out-Now.xlsx
Ipsos,2025-03-26,,,,,,-20,https://www.ipsos.com/en-uk/too-divisive-lead-britain-british-public-share-concerns-and-positives-nigel-farage-becoming-prime
BMG Research,2025-03-27,26.0,24.0,23.0,14.0,8.0,-30,https://bmgresearch.com/wp-content/uploads/2025/03/march-2025-omnibus-tables-for-the-i-v2.xlsx
Techne,2025-03-27,25.0,23.0,24.0,14.0,8.0,,https://www.techneuk.com/wp-content/uploads/2025/03/R147-UK-2024-3-28-DATA.pdf
Opinium,2025-03-28,26.0,22.0,26.0,12.0,8.0,-32,https://web.archive.org/web/20250331105904/https://www.opinium.com/resource-center/opinium-voting-intention-5th-march-2025-2-2/
Find Out Now/ Electoral Calculus (MRP),2025-03-28,24.0,22.0,27.0,12.0,10.0,,https://www.electoralcalculus.co.uk/blogs/ec_vipoll_20250404.html
YouGov,2025-03-31,24.0,21.0,23.0,14.0,11.0,,https://d3nkl3psvxxpe9.cloudfront.net/documents/VotingIntention_MRP_250331_w.pdf
More in Common,2025-03-31,21.0,26.0,25.0,13.0,7.0,-35,https://www.moreincommon.org.uk/media/5lbbhjpu/votingintention-28-32.xlsx
More in Common (MRP),2025-04-01,24.0,24.0,24.0,13.0,8.0,,https://www.moreincommon.org.uk/media/0qjmepwt/mic-mrp-april2025.xlsx
YouGov,2025-04-01,,,,,,-29,https://yougov.co.uk/politics/articles/51943-five-years-after-being-elected-labour-leader-the-majority-of-britons-are-unclear-what-keir-starmer-stands-for
Find Out Now,2025-04-02,22.0,20.0,28.0,13.0,11.0,,https://cms.findoutnow.co.uk/app/uploads/2025/04/2nd-April-Find-Out-Now-VI.xlsx
Techne,2025-04-03,24.0,23.0,24.0,13.0,8.0,,https://www.techneuk.com/wp-content/uploads/2025/04/R148-UK-2024-4-3-DATA.pdf
Find Out Now,2025-04-05,,,,,,-44,https://cms.findoutnow.co.uk/app/uploads/2025/07/aprilwellorbad.pdf
Freshwater Strategy,2025-04-06,22.0,27.0,28.0,14.0,5.0,,https://freshwaterstrategy.com/wp-content/uploads/Data-Tables-City-AM-Freshwater-Strategy-UK-Polling-F060425.xlsx
YouGov,2025-04-07,24.0,22.0,23.0,17.0,9.0,-33,https://d3nkl3psvxxpe9.cloudfront.net/documents/VotingIntention_MRP_250407_w.pdf
More in Common,2025-04-07,24.0,23.0,24.0,17.0,7.0,-32,https://www.moreincommon.org.uk/media/s4kfguiz/april7votingintention.xlsx
Deltapoll,2025-04-07,,,,,,-28,https://deltapoll.co.uk/polls/world-leaders-250410
JL Partners,2025-04-08,,,,,,-23,https://static1.squarespace.com/static/5db0ca668552dd5ab1168a91/t/6825a3e09490786dcfe4f3ab/1747297248248/JTI-+FINAL.xlsx
Find Out Now,2025-04-09,22.0,21.0,26.0,14.0,11.0,,https://cms.findoutnow.co.uk/app/uploads/2025/04/9th-April-VI-Find-Out-Now.xlsx
Techne,2025-04-10,24.0,22.0,24.0,15.0,8.0,,https://www.techneuk.com/wp-content/uploads/2025/04/R149-UK-2024-4-11-DATA.pdf
YouGov,2025-04-10,,,,,,-33,https://d3nkl3psvxxpe9.cloudfront.net/documents/Topline_Eurotrack_Apr25_w.pdf
Opinium,2025-04-11,27.0,22.0,26.0,12.0,7.0,-30,https://www.opinium.com/wp-content/uploads/2025/04/VI-2025-04-09-Observer-Tables.xlsx
YouGov,2025-04-14,24.0,21.0,23.0,14.0,11.0,-35,https://d3nkl3psvxxpe9.cloudfront.net/documents/VotingIntention_MRP_250414_w.pdf
More in Common,2025-04-14,24.0,23.0,24.0,14.0,8.0,-34,https://www.moreincommon.org.uk/media/parc4vuq/april11-14votingintention.xlsx
Focaldata,2025-04-14,24.0,24.0,23.0,13.0,9.0,-35,https://docs.google.com/spreadsheets/d/1GBHpYX0CjSZszeW6KHMApXkTPZORfN16yaT-RiEKvoQ/edit?usp=sharing
Lord Ashcroft Polls,2025-04-14,27.0,24.0,21.0,10.0,11.0,,https://lordashcroftpolls.com/wp-content/uploads/2025/04/Lord-Ashcroft-Polls-April-2025-poll-Full-tables.xls
Verian,2025-04-14,25.0,19.0,24.0,16.0,9.0,,https://www.veriangroup.com/en-gb/news-and-insights/uk-polling-april-2025
Find Out Now,2025-04-16,22.0,20.0,28.0,14.0,10.0,,https://cms.findoutnow.co.uk/app/uploads/2025/04/16th-April-VI-Find-Out-Now.xlsx
More in Common,2025-04-21,23.0,23.0,25.0,14.0,8.0,-34,https://www.moreincommon.org.uk/media/i2vdw52r/april-21-vi.xlsx
YouGov,2025-04-22,23.0,20.0,25.0,16.0,10.0,,https://d3nkl3psvxxpe9.cloudfront.net/documents/VotingIntention_MRP_250422_w.pdf
Find Out Now,2025-04-23,20.0,20.0,28.0,14.0,13.0,,https://cms.findoutnow.co.uk/app/uploads/2025/04/23rd-April-VI-Find-Out-Now-1.xlsx
Techne,2025-04-24,25.0,21.0,25.0,14.0,8.0,,https://www.techneuk.com/wp-content/uploads/2025/04/R150-UK-2024-4-24-DATA.pdf
Opinium,2025-04-25,26.0,21.0,26.0,11.0,9.0,-34,https://web.archive.org/web/20250426210932/https://www.opinium.com/wp-content/uploads/2025/04/VI-2024-04-23-Observer-Data-Tables-Final.xlsx
More in Common,2025-04-27,24.0,23.0,24.0,15.0,8.0,-33,https://www.moreincommon.org.uk/media/r35hmdzs/april27voting.xlsx
YouGov,2025-04-28,23.0,20.0,26.0,15.0,9.0,,https://d3nkl3psvxxpe9.cloudfront.net/documents/VotingIntention_MRP_250428_w.pdf
Find Out Now,2025-04-30,21.0,19.0,29.0,13.0,11.0,,https://cms.findoutnow.co.uk/app/uploads/2025/04/30th-April-VI-Find-Out-Now.xlsx
Opinium,2025-05-02,26.0,19.0,27.0,13.0,9.0,-34,https://www.opinium.com/wp-content/uploads/2025/05/Observer-VI-2025-04-30-Data-Tables.xlsx
Survation,2025-05-02,26.0,22.0,26.0,12.0,7.0,,https://files.survation.com/s/C1UWmZYEQ79nXY9/download
More in Common,2025-05-04,23.0,21.0,27.0,15.0,8.0,-38,https://www.moreincommon.org.uk/media/v1mku52w/voting-intention_may4.xlsx
Survation,2025-05-05,25.0,18.0,30.0,13.0,7.0,-24,https://cdn.survation.com/wp-content/uploads/2025/05/15152106/True-North-UK-May_2025_V1.xlsx
Ipsos,2025-05-05,,,,,,-26,https://www.ipsos.com/en-uk/british-public-now-see-reform-main-opposition-over-conservatives-and-believe-farage-more-likely-be
YouGov,2025-05-06,22.0,17.0,29.0,16.0,10.0,,https://d3nkl3psvxxpe9.cloudfront.net/documents/VotingIntention_MRP_250506_w.pdf
Find Out Now,2025-05-07,20.0,16.0,33.0,15.0,11.0,,https://cms.findoutnow.co.uk/app/uploads/2025/05/7th-May-VI-Find-Out-Now.xlsx
Techne,2025-05-08,23.0,19.0,28.0,14.0,8.0,,https://www.techneuk.com/wp-content/uploads/2025/05/R151-UK-2025-5-9-DATA.pdf
BMG Research,2025-05-08,22.0,19.0,32.0,13.0,9.0,-39,https://bmgresearch.com/wp-content/uploads/2025/05/april-2025-omnibus-tables-for-the-i.xlsx
Freshwater Strategy,2025-05-11,22.0,19.0,32.0,15.0,8.0,,https://freshwaterstrategy.com/wp-content/uploads/Data-Tables-City-AM-Freshwater-Strategy-UK-Polling-110525.xlsx
Find Out Now,2025-05-11,,,,,,-53,https://cms.findoutnow.co.uk/app/uploads/2025/07/maywellorbad.pdf
YouGov,2025-05-12,23.0,18.0,28.0,16.0,9.0,-35,https://d3nkl3psvxxpe9.cloudfront.net/documents/VotingIntention_MRP_250512_w.pdf
More in Common,2025-05-12,25.0,20.0,28.0,14.0,8.0,-34,https://www.moreincommon.org.uk/media/omccepjs/votingintention_12may.xlsx
YouGov,2025-05-13,,,,,,-43,https://d3nkl3psvxxpe9.cloudfront.net/documents/Topline_Eurotrack_May25_w_gugbx3J.pdf
Ipsos,2025-05-13,,,,,,-31,https://www.ipsos.com/en-uk/british-public-now-see-reform-main-opposition-over-conservatives-and-believe-farage-more-likely-be
Find Out Now,2025-05-14,21.0,16.0,33.0,14.0,11.0,,https://cms.findoutnow.co.uk/app/uploads/2025/05/14th-May-VI-Find-Out-Now.xlsx
YouGov,2025-05-14,,,,,,-46,https://yougov.co.uk/politics/articles/52187-political-favourability-ratings-may-2025
Techne,2025-05-15,22.0,18.0,29.0,15.0,9.0,,https://www.techneuk.com/wp-content/uploads/2025/05/R152-UK-2025-5-16-DATA.pdf
Opinium,2025-05-16,25.0,18.0,29.0,13.0,10.0,-34,https://www.opinium.com/wp-content/uploads/2025/05/VI-2025-05-14-Observer-Tables-1722.xlsx
YouGov,2025-05-19,22.0,16.0,29.0,17.0,10.0,,https://d3nkl3psvxxpe9.cloudfront.net/documents/VotingIntention_MRP_Results_250519_w.pdf
More in Common,2025-05-19,22.0,21.0,30.0,14.0,8.0,-37,https://www.moreincommon.org.uk/media/2bnl5sjw/votingintention19may.xlsx
Find Out Now,2025-05-21,21.0,16.0,32.0,14.0,11.0,,https://cms.findoutnow.co.uk/app/uploads/2025/05/21st-May-VI-Find-Out-Now.xlsx
Techne,2025-05-22,22.0,17.0,30.0,16.0,9.0,,https://www.techneuk.com/wp-content/uploads/2025/05/R153-UK-2025-5-23-DATA.pdf
More in Common,2025-05-26,22.0,19.0,31.0,14.0,8.0,-38,https://www.moreincommon.org.uk/media/1xxnonjy/votingintention26may.xlsx
YouGov,2025-05-27,21.0,19.0,29.0,15.0,11.0,,https://d3nkl3psvxxpe9.cloudfront.net/documents/VotingIntention_MRP_Results_250527_w.pdf
Find Out Now,2025-05-28,22.0,16.0,32.0,13.0,11.0,,https://cms.findoutnow.co.uk/app/uploads/2025/05/28th-May-VI-Find-Out-Now.xlsx
BMG Research,2025-05-29,24.0,18.0,31.0,13.0,9.0,-31,https://bmgresearch.com/wp-content/uploads/2025/06/312024_w39_ce_weightedfinaltables_v1_i-only_website-upload.xlsx
Techne,2025-05-29,22.0,16.0,31.0,16.0,9.0,,https://www.techneuk.com/wp-content/uploads/2025/05/R154-UK-2025-5-30-DATA.pdf
Opinium,2025-05-30,25.0,17.0,31.0,11.0,10.0,-36,https://www.opinium.com/wp-content/uploads/2025/05/VI-2025-05-28-Observer-Tables.xlsx
YouGov,2025-05-30,,,,,,-40,https://yougov.co.uk/politics/articles/52284-seven-months-in-what-do-britons-think-of-kemi-badenochs-leadership-and-would-another-leader-be-doing-better
YouGov,2025-06-02,22.0,18.0,28.0,17.0,9.0,-40,https://d3nkl3psvxxpe9.cloudfront.net/documents/VotingIntention_MRP_250602_w.pdf
More in Common,2025-06-02,23.0,21.0,28.0,14.0,8.0,-36,https://www.moreincommon.org.uk/media/ihubhswb/votingintention2june.xlsx
Survation,2025-06-02,24.0,20.0,27.0,13.0,8.0,-14,https://files.survation.com/s/ioFTPDAcO9wtBdm/download
Lord Ashcroft Polls,2025-06-02,23.0,18.0,27.0,13.0,13.0,,https://lordashcroftpolls.com/2025/06/we-can-sniff-starmers-fear-of-farage-say-voters-as-they-back-winter-fuel-u-turn-and-insist-two-child-benefit-cap-must-stay/
Find Out Now,2025-06-04,22.0,16.0,31.0,15.0,11.0,-43,https://cms.findoutnow.co.uk/app/uploads/2025/06/4th-June-VI-Find-Out-Now.xlsx
Ipsos,2025-06-04,25.0,15.0,34.0,11.0,9.0,-54,https://www.ipsos.com/sites/default/files/ct/news/documents/2025-06/politmkp_w3mayjun2025web1.pdf
Techne,2025-06-05,23.0,17.0,31.0,15.0,8.0,,https://www.techneuk.com/wp-content/uploads/2025/06/R155-UK-2025-6-6-DATA.pdf
Freshwater Strategy,2025-06-08,21.0,21.0,32.0,14.0,8.0,-32,https://freshwaterstrategy.com/wp-content/uploads/Data-Tables-City-AM-Freshwater-Strategy-UK-Polling-090625-v2.xlsx
YouGov,2025-06-09,23.0,17.0,29.0,15.0,10.0,-42,https://d3nkl3psvxxpe9.cloudfront.net/documents/VotingIntention_MRP_250609_w.pdf
More in Common,2025-06-09,24.0,20.0,28.0,14.0,7.0,-39,https://www.moreincommon.org.uk/media/0nbo0kxz/voting-intention-6-9-june.xlsx
Find Out Now,2025-06-11,24.0,16.0,30.0,13.0,11.0,,https://cms.findoutnow.co.uk/app/uploads/2025/06/11th-June-VI-Find-Out-Now.xlsx
Survation,2025-06-11,25.0,21.0,27.0,12.0,7.0,-21,https://cdn.survation.com/wp-content/uploads/2025/07/02155030/Rogan_Productions_Jun_25_Tables.xlsx
Opinium,2025-06-13,24.0,18.0,30.0,12.0,9.0,-34,https://www.opinium.com/wp-content/uploads/2025/06/Observer-VI-2025-06-11-Tables-0028.xlsx
YouGov,2025-06-16,24.0,17.0,27.0,15.0,10.0,-34,https://d3nkl3psvxxpe9.cloudfront.net/documents/VotingIntention_MRP_250616_w.pdf
More in Common,2025-06-16,21.0,22.0,29.0,13.0,9.0,-38,https://www.moreincommon.org.uk/media/m3rnj31m/voting-intention-16june.xlsx
Ipsos,2025-06-16,,,,,,-28,https://www.ipsos.com/en-uk/starmer-remains-ahead-farage-head-head-who-would-make-best-pm-majority-britons-unsure-what-he
Find Out Now/ Electoral Calculus (MRP),2025-06-17,22.0,19.0,31.0,13.0,9.0,,https://www.electoralcalculus.co.uk/blogs/ec_vipoll_20250625.html
YouGov,2025-06-17,,,,,,-37,https://yougov.co.uk/politics/articles/52435-a-year-after-the-2024-election-which-voters-have-abandoned-the-labour-party-and-why
Find Out Now,2025-06-18,23.0,16.0,31.0,12.0,11.0,,https://cms.findoutnow.co.uk/app/uploads/2025/06/18th-June-VI-Find-Out-Now.xlsx
YouGov,2025-06-18,23.0,17.0,27.0,15.0,11.0,,https://ygo-assets-websites-editorial-emea.yougov.net/documents/VotingIntention_MRP_Merge_June2025_w.pdf
YouGov (MRP),2025-06-18,23.0,18.0,26.0,15.0,11.0,,https://yougov.co.uk/politics/articles/52437-first-yougov-mrp-since-2024-election-shows-a-hung-parliament-with-reform-uk-as-largest-party
YouGov,2025-06-23,23.0,17.0,27.0,16.0,10.0,,https://d3nkl3psvxxpe9.cloudfront.net/documents/VotingIntention_MRP_250623_w.pdf
More in Common,2025-06-23,23.0,20.0,27.0,14.0,9.0,-31,https://www.moreincommon.org.uk/media/reqkhhly/voting-intention-23-june.xlsx
Find Out Now,2025-06-25,22.0,18.0,30.0,13.0,11.0,,https://cms.findoutnow.co.uk/app/uploads/2025/06/25th-June-VI-Find-Out-Now.xlsx
BMG Research,2025-06-25,27.0,19.0,30.0,12.0,7.0,-29,https://bmgresearch.com/wp-content/uploads/2025/07/june-2025-omnibus-tables-for-the-i.xlsx
Techne,2025-06-26,23.0,18.0,28.0,16.0,8.0,,https://www.techneuk.com/wp-content/uploads/2025/06/R156-UK-2025-6-27-DATA.pdf
Survation,2025-06-27,26.0,19.0,27.0,12.0,8.0,-15,https://www.survation.com/labour-struggle-one-year-on-while-reform-maintain-their-lead-in-survation-polling/
Opinium,2025-06-27,25.0,17.0,30.0,12.0,9.0,-35,https://www.opinium.com/wp-content/uploads/2025/06/VI-2025-06-25-Observer-Tables-1888.xlsx
YouGov,2025-06-30,24.0,17.0,26.0,16.0,10.0,,https://d3nkl3psvxxpe9.cloudfront.net/documents/VotingIntention_MRP_Results_250630_w.pdf
More in Common,2025-06-30,24.0,19.0,29.0,12.0,9.0,-40,https://www.moreincommon.org.uk/media/qunkzmvu/voting-intention-30-june.xlsx
Lord Ashcroft Polls,2025-06-30,23.0,20.0,27.0,11.0,13.0,,https://lordashcroftpolls.com/wp-content/uploads/2025/07/Lord-Ashcroft-Polls-June-2025-poll-Full-tables.xls
More in Common (MRP),2025-06-30,22.0,21.0,28.0,15.0,8.0,,https://www.moreincommon.org.uk/latest-insights/more-in-common-s-july-mrp/
Find Out Now,2025-07-02,22.0,16.0,30.0,15.0,11.0,-56,https://cms.findoutnow.co.uk/app/uploads/2025/07/2nd-July-VI-Find-Out-Now.xlsx
More in Common,2025-07-03,,,,,,-43,https://www.moreincommon.org.uk/media/bbzfx0n1/micst-snap-poll.xlsx
Freshwater Strategy,2025-07-06,23.0,19.0,31.0,16.0,6.0,-38,https://freshwaterstrategy.com/wp-content/uploads/Data-Tables-City-AM-Freshwater-Strategy-UK-Polling-070725.xlsx
YouGov,2025-07-07,24.0,16.0,26.0,15.0,11.0,-50,https://d3nkl3psvxxpe9.cloudfront.net/documents/VotingIntention_MRP_Results_250707.pdf
More in Common,2025-07-07,24.0,19.0,29.0,14.0,7.0,-36,https://www.moreincommon.org.uk/media/dpwd0d5d/voting-intention-7july.xlsx
More in Common,2025-07-07,25.0,20.0,28.0,14.0,7.0,-36,https://www.moreincommon.org.uk/media/bfelndry/sultana-corbyn-voting-intention.xlsx
Find Out Now,2025-07-09,22.0,19.0,31.0,13.0,9.0,,https://cms.findoutnow.co.uk/app/uploads/2025/07/9th-July-Find-Out-Now-VI.xlsx
Find Out Now,2025-07-10,21.0,16.0,34.0,11.0,11.0,,https://cms.findoutnow.co.uk/app/uploads/2025/07/FON_MultiCommsLTD_14781_DataTables.xlsx
Techne,2025-07-10,22.0,18.0,29.0,16.0,9.0,,https://www.techneuk.com/wp-content/uploads/2025/07/R157-UK-2025-7-11-DATA.pdf
Opinium,2025-07-11,24.0,18.0,29.0,13.0,9.0,-42,https://www.opinium.com/wp-content/uploads/2025/07/VI-2025-07-09-Observer-Tables-1275.xlsx
YouGov,2025-07-14,22.0,17.0,28.0,16.0,12.0,-44,https://d3nkl3psvxxpe9.cloudfront.net/documents/VotingIntention_MRP_250714_w.pdf
More in Common,2025-07-14,24.0,20.0,27.0,13.0,9.0,-39,https://www.moreincommon.org.uk/media/xdeas02a/voting-intention-july-15.xlsx
Ipsos,2025-07-14,,,,,,-34,https://www.ipsos.com/en-uk/half-britons-say-keir-starmer-has-changed-britain-worse
Find Out Now,2025-07-16,20.0,17.0,30.0,13.0,12.0,,https://cms.findoutnow.co.uk/app/uploads/2025/07/16th-July-VI-Find-Out-Now.xlsx
YouGov,2025-07-16,,,,,,-44,https://d3nkl3psvxxpe9.cloudfront.net/documents/Topline_Eurotrack_Jul25_w.pdf
JL Partners,2025-07-18,23.0,17.0,29.0,14.0,9.0,,https://jlpartners.co.uk/s/Islamophobia-Definition-Polling-Data-Tables-Final-for-Telegraph.xlsx
Focaldata,2025-07-18,23.0,19.0,27.0,14.0,9.0,,https://docs.google.com/spreadsheets/d/1tGMcxq3ate-RYcPYalkMh3ilXI8dprZs1LJInmjmPf8/edit?gid=2111754518#gid=2111754518
More in Common,2025-07-20,22.0,21.0,29.0,15.0,8.0,,https://www.moreincommon.org.uk/media/zcei2auh/voting-intention-july-22.xlsx
YouGov,2025-07-21,23.0,17.0,27.0,15.0,11.0,,https://d3nkl3psvxxpe9.cloudfront.net/documents/VotingIntention_MRP_250721_w.pdf
Find Out Now,2025-07-23,20.0,16.0,34.0,14.0,10.0,,https://cms.findoutnow.co.uk/app/uploads/2025/07/23rd-July-VI-Find-Out-Now.xlsx
Opinium,2025-07-25,25.0,17.0,32.0,13.0,8.0,-35,https://www.opinium.com/resource-center/opinium-voting-intention-23rd-july-2025/
YouGov,2025-07-28,22.0,17.0,29.0,14.0,11.0,,https://d3nkl3psvxxpe9.cloudfront.net/documents/VotingIntention_MRP_250728_w.pdf
More in Common,2025-07-28,23.0,20.0,29.0,13.0,7.0,-41,https://www.moreincommon.org.uk/media/lf5nib1p/voting-intention-july-29.xlsx
Find Out Now,2025-07-30,20.0,17.0,30.0,13.0,9.0,,https://cms.findoutnow.co.uk/app/uploads/2025/07/30th-July-VI-Find-Out-Now.xlsx
BMG Research,2025-07-31,23.0,18.0,32.0,13.0,8.0,-36,https://bmgresearch.com/wp-content/uploads/2025/08/july-2025-omnibus-tables-for-the-i-1.xlsx
More in Common,2025-08-03,22.0,18.0,31.0,14.0,7.0,-43,https://www.moreincommon.org.uk/media/rdbj201m/voting-intention-3-august.xlsx
Freshwater Strategy,2025-08-03,22.0,18.0,33.0,14.0,6.0,-37,https://freshwaterstrategy.com/wp-content/uploads/Data-Tables-City-AM-Freshwater-Strategy-UK-Polling-030825.xlsx
Stack Data Strategy (MRP),2025-08-03,25.0,16.0,31.0,12.0,9.0,,https://docs.google.com/spreadsheets/d/1syxMNZTgHC5DWoZdbfZcL1MOBBUNilmM/edit
Find Out Now,2025-08-03,,,,,,-55,https://cms.findoutnow.co.uk/app/uploads/2025/09/Aug-well-or-badly.pdf
YouGov,2025-08-04,21.0,17.0,27.0,15.0,11.0,,https://d3nkl3psvxxpe9.cloudfront.net/documents/VotingIntention_MRP_250804_w.pdf
Find Out Now,2025-08-06,20.0,16.0,32.0,12.0,9.0,,https://cms.findoutnow.co.uk/app/uploads/2025/08/6th-August-Find-Out-Now-VI.xlsx
Opinium,2025-08-08,22.0,17.0,31.0,13.0,9.0,-41,https://www.opinium.com/resource-center/opinium-voting-intention-6th-august-2025/
YouGov,2025-08-11,21.0,17.0,28.0,16.0,10.0,-49,https://d3nkl3psvxxpe9.cloudfront.net/documents/VotingIntention_MRP_Results_250811_w.pdf
More in Common,2025-08-11,22.0,22.0,30.0,13.0,6.0,-39,https://www.moreincommon.org.uk/media/dj2hqsqe/voting-intention-august-13.xlsx
Find Out Now,2025-08-14,19.0,19.0,31.0,12.0,10.0,,https://cms.findoutnow.co.uk/app/uploads/2025/08/13th_14th-August-Find-Out-Now-VI.xlsx
YouGov,2025-08-15,,,,,,-44,https://yougov.co.uk/politics/articles/52795-political-favourability-ratings-august-2025
YouGov,2025-08-18,21.0,18.0,28.0,15.0,10.0,,https://d3nkl3psvxxpe9.cloudfront.net/documents/VotingIntention_MRP_Results_250818_w.pdf
More in Common,2025-08-18,21.0,20.0,30.0,13.0,8.0,-41,https://www.moreincommon.org.uk/media/twbnfjxn/voting-intention-18-august.xlsx
Lord Ashcroft Polls,2025-08-18,23.0,20.0,27.0,10.0,11.0,,https://lordashcroftpolls.com/wp-content/uploads/2025/08/Lord-Ashcroft-Aug-2025-poll-Full-tables.xls
Ipsos,2025-08-18,,,,,,-32,https://www.ipsos.com/en-uk/britons-most-confident-reform-uk-has-good-plan-change-britian-over-half-not-confident-any-party
Focaldata,2025-08-19,24.0,18.0,29.0,14.0,8.0,-34,https://docs.google.com/spreadsheets/d/1-3zV9KCv4SHf0QxCUHnPnJMcyi9ungXfhpO51U-JwSA/edit?usp=sharing
Find Out Now,2025-08-20,18.0,17.0,33.0,12.0,10.0,,https://cms.findoutnow.co.uk/app/uploads/2025/08/20th-August-VI-Find-Out-Now.xlsx
Opinium,2025-08-22,23.0,17.0,29.0,14.0,9.0,-41,https://www.opinium.com/wp-content/uploads/2025/08/VI-2025-08-20-Data-Tables-1256.xlsx
YouGov,2025-08-26,20.0,17.0,28.0,16.0,11.0,-47,https://d3nkl3psvxxpe9.cloudfront.net/documents/VotingIntention_MRP_Results_250826_w.pdf
More in Common,2025-08-26,22.0,18.0,30.0,14.0,7.0,-42,https://www.moreincommon.org.uk/media/zaclm5uq/voting-intention-22-26.xlsx
Find Out Now,2025-08-27,18.0,15.0,34.0,13.0,10.0,,https://cms.findoutnow.co.uk/app/uploads/2025/08/27th-August-VI-Find-Out-Now.xlsx
BMG Research,2025-08-28,20.0,17.0,35.0,13.0,7.0,-41,https://bmgresearch.com/news/with-a-record-35-vote-share-reform-are-upending-british-politics/
Freshwater Strategy,2025-08-31,20.0,17.0,33.0,15.0,7.0,-41,https://freshwaterstrategy.com/wp-content/uploads/Data-Tables-City-AM-Freshwater-Strategy-UK-Polling-310825.xlsx
JL Partners,2025-08-31,22.0,18.0,32.0,12.0,7.0,,https://static1.squarespace.com/static/5db0ca668552dd5ab1168a91/t/68bae1aae1c3cc0da99a6d43/1757077930452/Voting+Intention+-+Tables.xlsx
YouGov,2025-09-01,20.0,17.0,29.0,15.0,10.0,,https://d3nkl3psvxxpe9.cloudfront.net/documents/VotingIntention_MRP_Results_250901_w.pdf
More in Common,2025-09-01,21.0,18.0,31.0,13.0,8.0,-43,https://www.moreincommon.org.uk/media/f2nmtaqn/voting-intention-september-1.xlsx
Survation (MRP),2025-09-01,25.0,19.0,29.0,12.0,7.0,,https://cdn.survation.com/wp-content/uploads/2025/10/14101152/38D_Segmentation_Tables_V1.xlsx
Survation,2025-09-02,24.0,19.0,30.0,11.0,8.0,,https://cdn.survation.com/wp-content/uploads/2025/09/05133804/SurvationVIWeightedTablesSeptember2025.xlsx
Find Out Now,2025-09-03,19.0,17.0,32.0,13.0,11.0,,https://cms.findoutnow.co.uk/app/uploads/2025/09/3rd-September-VI-Find-Out-Now.xlsx
Techne,2025-09-04,21.0,18.0,31.0,14.0,10.0,,https://www.techneuk.com/wp-content/uploads/2025/09/R158-UK-2025-9-4-DATA.pdf
Opinium,2025-09-05,23.0,18.0,30.0,12.0,10.0,-40,https://www.opinium.com/wp-content/uploads/2025/09/VI-2025-09-03-Observer-Tables.xlsx
Find Out Now,2025-09-06,,,,,,-57,https://cms.findoutnow.co.uk/app/uploads/2025/09/Sept-well-or-badly.pdf
YouGov,2025-09-08,22.0,17.0,27.0,15.0,12.0,-55,https://d3nkl3psvxxpe9.cloudfront.net/documents/VotingIntention_MRP_Results_250908_w.pdf
More in Common,2025-09-08,21.0,18.0,32.0,13.0,8.0,-44,https://www.moreincommon.org.uk/media/crrfrbnq/voting-intention-8-sept.xlsx
Ipsos,2025-09-09,,,,,,-33,https://www.ipsos.com/en-uk/first-time-britons-split-whether-keir-starmer-or-nigel-farage-would-make-better-prime-minister
Find Out Now,2025-09-10,19.0,15.0,34.0,12.0,12.0,,https://cms.findoutnow.co.uk/app/uploads/2025/09/10th-September-VI-Find-Out-Now.xlsx
Focaldata,2025-09-11,23.0,18.0,29.0,12.0,9.0,,https://www.gigapoll.co.uk/
YouGov,2025-09-11,,,,,,-50,https://ygo-assets-websites-editorial-emea.yougov.net/documents/Copy_of_Internal_Favourability_250911.pdf
YouGov,2025-09-15,20.0,17.0,29.0,15.0,10.0,,https://d3nkl3psvxxpe9.cloudfront.net/documents/VotingIntention_MRP_Results_250915_w.pdf
More in Common,2025-09-15,22.0,18.0,31.0,14.0,8.0,-46,https://www.moreincommon.org.uk/media/4u5bnpeq/voting-intention-september-15.xlsx
Lord Ashcroft Polls,2025-09-15,22.0,20.0,27.0,10.0,13.0,,https://lordashcroftpolls.com/2025/09/when-times-are-hard-voters-crave-pms-who-can-get-a-grip-and-that-not-the-scandals-is-why-theyre-so-sick-of-starmer/
More in Common (MRP),2025-09-15,21.0,19.0,31.0,15.0,8.0,,https://www.moreincommon.org.uk/latest-insights/more-in-common-s-september-mrp/
Opinium,2025-09-15,,,,,,-46,https://www.opinium.com/resource-center/a-fatally-wounded-premiership/
Ipsos,2025-09-17,22.0,14.0,34.0,12.0,12.0,-66,https://www.ipsos.com/sites/default/files/ct/news/documents/2025-09/politmkp_w5sep2025web2%20V2.pdf
YouGov,2025-09-17,,,,,,-55,https://d3nkl3psvxxpe9.cloudfront.net/documents/Topline_Eurotrack_Sep25_w.pdf
Techne,2025-09-18,20.0,19.0,30.0,15.0,9.0,,https://www.techneuk.com/wp-content/uploads/2025/09/R159-UK-2025-9-18-DATA.pdf
Find Out Now,2025-09-18,16.0,16.0,34.0,13.0,12.0,,https://cms.findoutnow.co.uk/app/uploads/2025/09/17th-September-VI-Find-Out-Now.xlsx
Opinium,2025-09-19,22.0,17.0,31.0,12.0,10.0,-42,https://www.opinium.com/wp-content/uploads/2025/09/VI-2025-09-17-Observer-tables-1345.xlsx
YouGov,2025-09-22,21.0,16.0,29.0,14.0,12.0,,https://d3nkl3psvxxpe9.cloudfront.net/documents/VotingIntention_MRP_Results_250922_w.pdf
More in Common,2025-09-22,25.0,20.0,28.0,13.0,8.0,-39,https://www.moreincommon.org.uk/media/iz2bdbkc/voting-intention-september-22.xlsx
Savanta,2025-09-22,,,,,,-45,https://savanta.com/knowledge-centre/press-and-polls/labour-conference-poll-politicshome-25-september-2025/
Find Out Now,2025-09-24,17.0,14.0,33.0,16.0,12.0,,https://cms.findoutnow.co.uk/app/uploads/2025/09/24th-September-VI-Find-Out-Now.xlsx
YouGov (MRP),2025-09-24,21.0,17.0,27.0,15.0,11.0,,https://yougov.co.uk/politics/articles/53059-yougov-mrp-shows-a-reform-uk-government-a-near-certainty-if-an-election-were-held-tomorrow
Survation,2025-09-25,22.0,17.0,34.0,11.0,8.0,-24,https://cdn.survation.com/wp-content/uploads/2025/09/30013256/Daily_Mail_Tables.xlsx
Opinium,2025-09-26,22.0,17.0,32.0,14.0,7.0,-41,https://www.opinium.com/wp-content/uploads/2025/09/VI-2025-09-24-Observer-Data-Tables-0944.xlsx
YouGov,2025-09-29,22.0,16.0,29.0,15.0,11.0,-47,https://d3nkl3psvxxpe9.cloudfront.net/documents/VotingIntention_MRP_Results_250929_w.pdf
More in Common,2025-09-29,20.0,20.0,30.0,14.0,8.0,-47,https://www.moreincommon.org.uk/media/x1mpqajl/voting-intention-september-29.xlsx
Find Out Now,2025-10-01,19.0,14.0,35.0,12.0,11.0,,https://findoutnow.co.uk/blog/voting-intention-1st-october-2025/
Focaldata,2025-10-01,21.0,20.0,29.0,14.0,10.0,-40,https://3959436.fs1.hubspotusercontent-na1.net/hubfs/3959436/Marketing%20content/Focaldata_Westminster%20voting%20intention%20tables%2c%2019%20Sep%20-%201%20Oct%202025.xlsx
Opinium,2025-10-03,21.0,16.0,34.0,12.0,10.0,-44,https://www.opinium.com/wp-content/uploads/2025/10/VI-2025-10-01-Observer-Tables.xlsx
JL Partners,2025-10-03,21.0,19.0,31.0,13.0,8.0,,https://static1.squarespace.com/static/5db0ca668552dd5ab1168a91/t/68e3e4da5c5a8c226b5d4e84/1759765722997/Voting+Intention+Tables.xlsx
Find Out Now,2025-10-03,,,,,,-58,https://findoutnow.co.uk/blog/leadership-polling-november-2025/
Freshwater Strategy,2025-10-05,20.0,18.0,35.0,14.0,8.0,-41,https://freshwaterstrategy.com/wp-content/uploads/Data-Tables-City-AM-Freshwater-Strategy-UK-Polling-051025.xlsx
YouGov,2025-10-06,20.0,17.0,27.0,17.0,12.0,-54,https://d3nkl3psvxxpe9.cloudfront.net/documents/VotingIntention_MRP_Results_251006_w.pdf
More in Common,2025-10-06,20.0,19.0,33.0,14.0,8.0,-49,https://www.moreincommon.org.uk/media/e4xdsdar/voting-intention-october-6.xlsx
Find Out Now,2025-10-08,17.0,17.0,32.0,12.0,15.0,,https://cms.findoutnow.co.uk/app/uploads/2025/10/8th-October-VI-Find-Out-Now.xlsx
Opinium,2025-10-10,22.0,18.0,32.0,11.0,10.0,-42,https://www.opinium.com/wp-content/uploads/2025/10/VI-2025-10-08-Data-Tables-1820.xlsx
YouGov,2025-10-13,20.0,17.0,27.0,16.0,13.0,-50,https://d3nkl3psvxxpe9.cloudfront.net/documents/VotingIntention_MRP_Results_251013_w.pdf
More in Common,2025-10-13,22.0,20.0,30.0,15.0,9.0,-44,https://www.moreincommon.org.uk/media/swuhlk0u/voting-intention-october-14.xlsx
Ipsos,2025-10-13,,,,,,-40,https://www.ipsos.com/en-uk/nigel-farage-leads-keir-starmer-head-head-who-britons-would-prefer-prime-minister
YouGov,2025-10-14,,,,,,-51,https://yougov.co.uk/politics/articles/53176-political-favourability-ratings-october-2025
Find Out Now,2025-10-15,15.0,17.0,32.0,12.0,15.0,,https://cms.findoutnow.co.uk/app/uploads/2025/10/15th-October-VI-Find-Out-Now.xlsx
YouGov,2025-10-16,,,,,,-52,https://d3nkl3psvxxpe9.cloudfront.net/documents/Topline_Eurotrack_Oct25_w.pdf
Focaldata,2025-10-17,21.0,19.0,30.0,13.0,9.0,-36,https://3959436.fs1.hubspotusercontent-na1.net/hubfs/3959436/Marketing%20content/Focaldata_Westminster%20voting%20intention%20tables%2c%208-17%20Oct%202025.xlsx
YouGov,2025-10-20,20.0,17.0,26.0,15.0,15.0,,https://d3nkl3psvxxpe9.cloudfront.net/documents/VotingIntention_MRP_Results_251020_w.pdf
More in Common,2025-10-20,22.0,19.0,31.0,13.0,10.0,-47,https://www.moreincommon.org.uk/media/ycfffdio/voting-intention-october-21.xlsx
Lord Ashcroft Polls,2025-10-20,19.0,19.0,28.0,10.0,17.0,,https://lordashcroftpolls.com/2025/10/id-card-scheme-is-a-classic-starmerite-intervention-its-expensive-intrusive-and-utterly-pointless/
Find Out Now,2025-10-22,16.0,17.0,32.0,12.0,15.0,,https://cms.findoutnow.co.uk/app/uploads/2025/10/22nd-October-VI-Find-Out-Now.xlsx
Techne,2025-10-23,19.0,18.0,29.0,16.0,12.0,,https://www.techneuk.com/wp-content/uploads/2025/10/R160-UK-2025-10-23-DATA.pdf
Opinium,2025-10-24,20.0,18.0,30.0,12.0,12.0,-44,https://www.opinium.com/wp-content/uploads/2025/10/VI-2025-10-22-Observer-Data-Tables-2133.xlsx
YouGov,2025-10-27,17.0,17.0,27.0,15.0,16.0,,https://d3nkl3psvxxpe9.cloudfront.net/documents/VotingIntention_MRP_Results_251027.pdf
More in Common,2025-10-27,21.0,18.0,33.0,12.0,11.0,-47,https://www.moreincommon.org.uk/media/udtjxxao/voting-intention-october-28.xlsx
Find Out Now,2025-10-29,16.0,16.0,32.0,12.0,17.0,,https://cms.findoutnow.co.uk/app/uploads/2025/10/29th-October-VI-Find-Out-Now.xlsx
JL Partners,2025-11-02,23.0,17.0,30.0,12.0,10.0,,https://static1.squarespace.com/static/5db0ca668552dd5ab1168a91/t/691318129aafd438f1f23600/1762859026141/Voting+Intention.xlsx
YouGov,2025-11-03,20.0,16.0,27.0,15.0,16.0,-56,https://d3nkl3psvxxpe9.cloudfront.net/documents/VotingIntention_MRP_Results_251103_w.pdf
More in Common,2025-11-03,18.0,19.0,31.0,13.0,12.0,-48,https://www.moreincommon.org.uk/media/wn2hcfmx/voting-intention-november-4.xlsx
Ipsos,2025-11-05,18.0,16.0,33.0,12.0,15.0,-66,https://www.ipsos.com/sites/default/files/ct/news/documents/2025-11/Ipsos_November%202025_Political%20Monitor_Data%20Tables_%20Public.pdf
Find Out Now,2025-11-06,15.0,16.0,33.0,11.0,18.0,,https://cms.findoutnow.co.uk/app/uploads/2025/11/5th-November-VI-Find-Out-Now-1.xlsx
Opinium,2025-11-07,20.0,17.0,33.0,12.0,11.0,-45,https://www.opinium.com/wp-content/uploads/2025/11/VI-2025-11-05-Observer-Data-Tables-1803.xlsx
Find Out Now,2025-11-07,,,,,,-62,https://findoutnow.co.uk/blog/leadership-polling-november-2025/
Freshwater Strategy,2025-11-09,17.0,19.0,32.0,13.0,13.0,-45,https://freshwaterstrategy.com/wp-content/uploads/Data-Tables-City-AM-Freshwater-Strategy-UK-Polling-091125.xlsx
YouGov,2025-11-10,19.0,18.0,26.0,14.0,15.0,,https://d3nkl3psvxxpe9.cloudfront.net/documents/VotingIntention_MRP_Results_251110_w.pdf
More in Common,2025-11-10,20.0,19.0,31.0,14.0,12.0,-49,https://www.moreincommon.org.uk/media/5fghxd3o/voting-intention-10-november.xlsx
Ipsos,2025-11-10,,,,,,-42,https://www.ipsos.com/en-uk/half-britons-say-they-want-radical-change-reform-uk-seen-both-solution-and-risk
Find Out Now,2025-11-12,15.0,16.0,33.0,11.0,17.0,,https://cms.findoutnow.co.uk/app/uploads/2025/11/12th-November-VI-Find-Out-Now.xlsx
YouGov,2025-11-17,19.0,17.0,27.0,13.0,17.0,-54,https://d3nkl3psvxxpe9.cloudfront.net/documents/VotingIntention_MRP_Results_251117_w.pdf
More in Common,2025-11-17,20.0,20.0,30.0,14.0,11.0,-49,https://www.moreincommon.org.uk/media/0hnbr34x/voting-intention-14-17-november.xlsx
Lord Ashcroft Polls,2025-11-17,18.0,20.0,27.0,11.0,18.0,,https://lordashcroftpolls.com/2025/11/seize-the-day-kemi-as-two-thirds-of-voters-say-theyll-be-worse-off-after-the-chancellors-budget-grabs-this-is-a-huge-opportunity-for-badenoch-to-show-shes-a-credible-alternative/
YouGov,2025-11-18,,,,,,-55,https://d3nkl3psvxxpe9.cloudfront.net/documents/Topline_Eurotrack_Nov25_w.pdf
Find Out Now,2025-11-19,16.0,17.0,32.0,11.0,18.0,,https://cms.findoutnow.co.uk/app/uploads/2025/11/19th-November-VI-Find-Out-Now.xlsx
Opinium,2025-11-19,,,,,,-45,https://www.opinium.com/resource-center/voting-intention-19th-november-2025/
Survation,2025-11-20,22.0,18.0,29.0,12.0,11.0,-24,https://cdn.survation.com/wp-content/uploads/2025/11/28150243/Survation_VI_2025-11-20_Tables.xlsx
Opinium,2025-11-21,19.0,17.0,32.0,13.0,12.0,,https://www.opinium.com/wp-content/uploads/2025/11/Observer-VI-2025-11-19-Data-tables-1205.xlsx
Focaldata,2025-11-21,20.0,20.0,28.0,13.0,10.0,-47,https://3959436.fs1.hubspotusercontent-na1.net/hubfs/3959436/Marketing%20content/Focaldata_Pre-budget%20tables%2c%2018-21%20Nov%202025.xlsx
YouGov,2025-11-24,19.0,18.0,25.0,15.0,16.0,,https://d3nkl3psvxxpe9.cloudfront.net/documents/VotingIntention_MRP_Results_251124_w.pdf
More in Common,2025-11-24,21.0,19.0,30.0,14.0,10.0,-51,https://www.moreincommon.org.uk/media/xzxfkzj0/voting-intention-24-november.xlsx
Find Out Now,2025-11-26,15.0,18.0,31.0,12.0,17.0,,https://cms.findoutnow.co.uk/app/uploads/2025/11/26th-November-VI-Find-Out-Now.xlsx
BMG Research,2025-11-27,22.0,20.0,30.0,12.0,12.0,-45,https://bmgresearch.com/wp-content/uploads/2025/12/november-2025-omnibus-tables-for-the-i-1.xlsx
Focaldata,2025-11-28,20.0,18.0,29.0,13.0,12.0,-45,https://hs-3959436.f.hubspotemail.net/hubfs/3959436/Marketing%20content/Focaldata_Post-Budget%20tables%2c%2026-28%20Nov%202025.xlsx
Opinium,2025-11-28,21.0,17.0,31.0,11.0,13.0,-44,https://www.opinium.com/wp-content/uploads/2025/11/VI-2025-11-26-Observer-data-tables-1441.xlsx
Freshwater Strategy,2025-11-30,19.0,20.0,31.0,15.0,12.0,-48,https://freshwaterstrategy.com/wp-content/uploads/Data-Tables-City-AM-Freshwater-Strategy-UK-Polling-301125.xlsx
YouGov,2025-12-01,19.0,19.0,26.0,14.0,16.0,-61,https://d3nkl3psvxxpe9.cloudfront.net/documents/VotingIntention_MRP_Results_251201_w.pdf
JL Partners,2025-12-01,22.0,20.0,29.0,11.0,10.0,,https://jlpartners.co.uk/s/Voting-Intention-December.xlsx
More in Common,2025-12-01,21.0,21.0,30.0,13.0,11.0,-48,https://www.moreincommon.org.uk/media/m3yix5mt/voting-intention-december-3.xlsx
Ipsos,2025-12-02,,,,,,-44,https://www.ipsos.com/en-uk/andy-burnham-preferred-keir-starmer-pm-narrowly-leads-nigel-farage
Find Out Now,2025-12-03,14.0,20.0,31.0,11.0,18.0,,https://cms.findoutnow.co.uk/app/uploads/2025/12/3rd-December-VI-Find-Out-Now.xlsx
YouGov,2025-12-08,19.0,18.0,27.0,14.0,15.0,,https://d3nkl3psvxxpe9.cloudfront.net/documents/VotingIntention_MRP_Results_251208_w.pdf
More in Common,2025-12-08,20.0,21.0,30.0,14.0,10.0,-48,https://www.moreincommon.org.uk/media/b1fa5gaa/voting-intention-december-17.xlsx
Find Out Now/ Electoral Calculus (MRP),2025-12-08,17.0,21.0,31.0,11.0,12.0,,https://www.electoralcalculus.co.uk/blogs/ec_vipoll_20260113.html
Find Out Now,2025-12-10,14.0,18.0,30.0,12.0,18.0,,https://cms.findoutnow.co.uk/app/uploads/2025/12/10th-December-VI-Find-Out-Now.xlsx
Opinium,2025-12-12,20.0,18.0,31.0,13.0,12.0,-43,https://www.opinium.com/wp-content/uploads/2025/12/VI-2025-12-10-Data-tables-1531.xlsx
YouGov,2025-12-12,,,,,,-59,https://d3nkl3psvxxpe9.cloudfront.net/documents/Topline_Eurotrack_Dec25_w.pdf
YouGov,2025-12-15,18.0,17.0,28.0,14.0,17.0,-54,https://d3nkl3psvxxpe9.cloudfront.net/documents/VotingIntention_MRP_Results_251215_w.pdf
Verian,2025-12-15,18.0,21.0,27.0,15.0,13.0,,https://www.veriangroup.com/hubfs/UK/polling/method-and-tables/Method%20and%20tables%20-%20December%2025.pdf
Lord Ashcroft Polls,2025-12-15,18.0,22.0,25.0,10.0,19.0,,https://lordashcroftpolls.com/2025/12/daft-questions-yes-but-the-answers-speak-volumes-about-the-state-of-our-government/
More in Common,2025-12-16,21.0,20.0,29.0,12.0,11.0,-48,https://www.moreincommon.org.uk/media/qafbolok/voting-intention-december2.xlsx
More in Common (MRP),2025-12-16,20.0,21.0,31.0,11.0,12.0,,https://www.moreincommon.org.uk/latest-insights/more-in-common-s-january-mrp/
Find Out Now,2025-12-17,14.0,18.0,33.0,11.0,17.0,,https://cms.findoutnow.co.uk/app/uploads/2025/12/17th-December-VI-Find-Out-Now.xlsx
Deltapoll,2025-12-18,20.0,19.0,30.0,14.0,10.0,-46,https://deltapoll.co.uk/wp-content/uploads/2026/01/260105_Deltapoll-Mirror-pdf.pdf
YouGov,2025-12-22,20.0,19.0,25.0,15.0,15.0,,https://d3nkl3psvxxpe9.cloudfront.net/documents/VotingIntention_MRP_Results_251222_w.pdf
More in Common,2025-12-23,21.0,22.0,28.0,13.0,9.0,-45,https://www.moreincommon.org.uk/media/adwnbahz/voting-intention-december-24.xlsx
Find Out Now,2025-12-24,14.0,18.0,30.0,12.0,17.0,,https://cms.findoutnow.co.uk/app/uploads/2025/12/24th-December-VI-Find-Out-Now.xlsx
YouGov,2025-12-29,,,,,,-58,https://d3nkl3psvxxpe9.cloudfront.net/documents/P_Main_Political_Tracker_Survey_Rotation14_sr_22.pdf
Find Out Now,2025-12-31,15.0,17.0,31.0,12.0,17.0,,https://cms.findoutnow.co.uk/app/uploads/2026/01/31st-December-VI-Find-Out-Now.xlsx
YouGov,2026-01-05,17.0,19.0,26.0,16.0,15.0,-56,https://d3nkl3psvxxpe9.cloudfront.net/documents/VotingIntention_MRP_Results_260105_w.pdf
More in Common,2026-01-05,19.0,23.0,31.0,12.0,10.0,-47,https://www.moreincommon.org.uk/media/q0odjn4s/voting-intention-january-7.xlsx
Find Out Now,2026-01-08,15.0,18.0,32.0,12.0,17.0,,https://cms.findoutnow.co.uk/app/uploads/2026/01/7th-January-VI-Find-Out-Now.xlsx
Opinium,2026-01-09,20.0,18.0,31.0,12.0,13.0,-46,https://www.opinium.com/wp-content/uploads/2026/01/Observer-VI-2026-01-07-data-tables-1209.xlsx
YouGov,2026-01-09,18.0,19.0,26.0,14.0,15.0,,https://yougov.co.uk/politics/articles/53923-how-would-britain-vote-at-the-start-of-2026
Freshwater Strategy,2026-01-11,19.0,19.0,33.0,11.0,12.0,-44,https://freshwaterstrategy.com/wp-content/uploads/Data-Tables-City-AM-Freshwater-Strategy-UK-Polling-110126.xlsx
YouGov,2026-01-12,19.0,20.0,24.0,16.0,14.0,,https://d3nkl3psvxxpe9.cloudfront.net/documents/VotingIntention_MRP_Results_260112_w.pdf
More in Common,2026-01-13,19.0,21.0,31.0,12.0,12.0,-47,https://www.moreincommon.org.uk/media/0h0dlxs5/voting-intention-january-14.xlsx
Find Out Now,2026-01-14,15.0,19.0,28.0,12.0,18.0,,https://cms.findoutnow.co.uk/app/uploads/2026/01/14th-January-VI-Find-Out-Now.xlsx
Survation,2026-01-14,21.0,19.0,29.0,11.0,11.0,-41,https://cdn.survation.com/wp-content/uploads/2026/01/15163049/Survation_VI_2026-01-15_Tables.xlsx
Techne,2026-01-15,19.0,20.0,28.0,15.0,13.0,,https://www.techneuk.com/wp-content/uploads/2026/01/R161-UK-2026-1-16-DATA.pdf
YouGov,2026-01-16,,,,,,-57,https://yougov.co.uk/politics/articles/53907-political-favourability-ratings-january-2026
Opinium,2026-01-18,,,,,,-43,https://www.opinium.com/resource-center/was-kemi-badenoch-right-to-sack-robert-jenrick/
YouGov,2026-01-19,19.0,18.0,24.0,14.0,17.0,,https://d3nkl3psvxxpe9.cloudfront.net/documents/VotingIntention_MRP_Results_260119_w.pdf
Focaldata,2026-01-19,21.0,20.0,26.0,14.0,10.0,-46,https://3959436.fs1.hubspotusercontent-na1.net/hubfs/3959436/Marketing%20content/Focaldata_January%20VI%20tables%2c%2016-19%20Jan%202026.xlsx
More in Common,2026-01-19,20.0,21.0,31.0,13.0,11.0,-45,https://www.moreincommon.org.uk/media/zcmphl4x/voting-intention-january-21.xlsx
Lord Ashcroft Polls,2026-01-19,18.0,21.0,25.0,11.0,18.0,,https://lordashcroftpolls.com/2026/01/kemis-been-tough-and-jenricks-a-bit-of-a-bounder-say-tory-voters-but-plenty-agree-with-him-that-britain-is-broken/
Ipsos,2026-01-19,,,,,,-42,https://www.ipsos.com/en-uk/nearly-half-britons-approve-jenrick-sacking-ipsos-poll-reveals
Find Out Now,2026-01-21,14.0,18.0,32.0,11.0,17.0,,https://cms.findoutnow.co.uk/app/uploads/2026/01/21st-January-VI-Find-Out-Now.xlsx
Opinium,2026-01-23,22.0,17.0,31.0,13.0,11.0,-41,https://www.opinium.com/wp-content/uploads/2026/01/VI-2026-01-21-Opinium-Observer-Data-Tables-1415.xlsx
More in Common,2026-01-25,22.0,20.0,29.0,13.0,10.0,-41,https://www.moreincommon.org.uk/media/cq2jvb3t/voting-intention-january-28.xlsx
YouGov,2026-01-26,21.0,17.0,25.0,14.0,16.0,-51,https://d3nkl3psvxxpe9.cloudfront.net/documents/VotingIntention_MRP_Results_260126_w.pdf
Ipsos,2026-01-27,22.0,19.0,30.0,12.0,12.0,-62,https://www.ipsos.com/sites/default/files/ct/news/documents/2026-01/politmkp_w1jan2026web1.pdf
Find Out Now,2026-01-28,17.0,17.0,29.0,11.0,19.0,,https://cms.findoutnow.co.uk/app/uploads/2026/01/28th-January-VI-Find-Out-Now.xlsx
BMG Research,2026-01-29,20.0,17.0,32.0,11.0,13.0,-49,https://bmgresearch.com/wp-content/uploads/2026/02/january-2026-omnibus-tables-for-the-i.xlsx
Survation,2026-01-29,18.0,20.0,31.0,12.0,12.0,,https://cdn.survation.com/wp-content/uploads/2026/01/30163059/Survation_Voter_Intention_Jan_2026.xlsx
Freshwater Strategy,2026-02-01,17.0,22.0,30.0,14.0,14.0,-42,https://freshwaterstrategy.com/wp-content/uploads/Data-Tables-City-AM-Freshwater-Strategy-UK-Polling-010226.xlsx
YouGov,2026-02-02,19.0,18.0,26.0,14.0,17.0,,https://d3nkl3psvxxpe9.cloudfront.net/documents/VotingIntention_MRP_Results_260202_w.pdf
More in Common,2026-02-02,21.0,20.0,30.0,14.0,10.0,-45,https://www.moreincommon.org.uk/media/dmgmx3t2/voting-intention-february-4.xlsx
Find Out Now,2026-02-04,16.0,18.0,31.0,11.0,18.0,,https://cms.findoutnow.co.uk/app/uploads/2026/02/4th-February-VI-Find-Out-Now.xlsx
YouGov,2026-02-04,,,,,,-50,https://yougov.com/en-gb/articles/54177-how-popular-are-national-leaders-in-europe-february-2026
Opinium,2026-02-06,23.0,16.0,31.0,10.0,13.0,-44,https://www.opinium.com/wp-content/uploads/2026/02/Observer-VI-2026-02-04-Web-Data-Tables-1152.xlsx
YouGov,2026-02-09,19.0,18.0,27.0,14.0,16.0,,https://d3nkl3psvxxpe9.cloudfront.net/documents/VotingIntention_MRP_Results_260209_w.pdf
More in Common,2026-02-10,23.0,21.0,30.0,12.0,10.0,-51,https://www.moreincommon.org.uk/media/dshdwjt0/voting-intention-and-trackers-10-feb.xlsx
Ipsos,2026-02-10,,,,,,-44,https://www.ipsos.com/en-uk/over-two-thirds-britons-do-not-have-confidence-government-running-country-competence-or-integrity
Find Out Now,2026-02-11,16.0,19.0,29.0,11.0,18.0,,https://cms.findoutnow.co.uk/app/uploads/2026/02/11th-February-VI-Find-Out-Now.xlsx
YouGov,2026-02-11,,,,,,-47,https://yougov.co.uk/politics/articles/54093-political-favourability-ratings-february-2026
Techne,2026-02-12,17.0,19.0,30.0,14.0,15.0,,https://www.techneuk.com/wp-content/uploads/2026/02/R162-UK-2026-2-13-DATA.pdf
Trajectory Partnership,2026-02-12,23.0,19.0,31.0,10.0,9.0,,https://trajectorypartnership.com/mp-files/voting-intention-february-2026.pdf/
JL Partners,2026-02-12,23.0,19.0,31.0,12.0,9.0,,https://static1.squarespace.com/static/6904b7d27b086635255def7e/t/6994571ee6b2420f5cdae103/1771329311172/Voting_Intention_2026.2.12.xlsx
YouGov,2026-02-16,19.0,18.0,24.0,13.0,17.0,,https://d3nkl3psvxxpe9.cloudfront.net/documents/VotingIntention_MRP_Results_260216_w.pdf
Good Growth Foundation,2026-02-16,21.0,20.0,28.0,12.0,12.0,,https://www.goodgrowthfoundation.co.uk/s/GGF-Insights-Voting-Intention-Tables-1.xlsx
More in Common,2026-02-17,22.0,21.0,28.0,11.0,12.0,-43,https://www.moreincommon.org.uk/media/elppw4pk/voting-intention-february-18.xlsx
Find Out Now,2026-02-18,16.0,16.0,28.0,10.0,18.0,,https://cms.findoutnow.co.uk/app/uploads/2026/02/18th-February-VI-Find-Out-Now.xlsx
YouGov,2026-02-23,18.0,18.0,24.0,14.0,17.0,-55,https://d3nkl3psvxxpe9.cloudfront.net/documents/VotingIntention_MRP_Results_260223_w.pdf
More in Common,2026-02-23,22.0,20.0,28.0,14.0,11.0,-46,https://www.moreincommon.org.uk/media/c0kf1gtu/voting-intention-february-25.xlsx
Lord Ashcroft Polls,2026-02-23,17.0,20.0,22.0,11.0,19.0,,https://lordashcroftpolls.com/wp-content/uploads/2026/02/Lord-Ashcroft-Polls-Feb-2026-survey-Full-tables.xls
Ipsos,2026-02-24,,,,,,-39,https://www.ipsos.com/en-uk/low-support-electoral-pacts-among-britons
Find Out Now,2026-02-25,15.0,18.0,26.0,12.0,18.0,,https://cms.findoutnow.co.uk/app/uploads/2026/03/25th-February-VI-Find-Out-Now.xlsx
Opinium,2026-02-27,18.0,18.0,30.0,12.0,13.0,-49,https://www.opinium.com/wp-content/uploads/2026/02/VI-2026-02-25-Observer-Web-Tables-1841.xlsx
Freshwater Strategy,2026-03-01,18.0,18.0,30.0,13.0,15.0,-42,https://freshwaterstrategy.com/wp-content/uploads/Data-Tables-City-AM-Freshwater-Strategy-UK-Polling-010326.xlsx
Convergent Opinion,2026-03-01,20.0,17.0,25.0,12.0,14.0,,https://convergent-opinion.com/polling-archive/persuasion_uk_20260226_18fd44_tables.xlsx
YouGov,2026-03-02,16.0,16.0,23.0,14.0,21.0,,https://d3nkl3psvxxpe9.cloudfront.net/documents/VotingIntention_MRP_Results_260302_w.pdf
More in Common,2026-03-02,18.0,19.0,29.0,14.0,14.0,-48,https://www.moreincommon.org.uk/media/roshxxom/voting-intention-2-march.xlsx
BMG Research,2026-03-04,,,,,,-43,https://bmgresearch.com/news/bmg-and-the-i-poll-tactical-voting-and-the-war-in-iran/
Survation,2026-03-05,21.0,18.0,29.0,10.0,12.0,-25,https://files.survation.com/s/FV20pJPQuCT24Tn/download
BMG Research,2026-03-05,20.0,18.0,27.0,12.0,14.0,,https://bmgresearch.com/wp-content/uploads/2026/03/february-2026-omnibus-tables-for-the-i.xlsx
JL Partners,2026-03-05,20.0,20.0,27.0,12.0,14.0,,https://static1.squarespace.com/static/6904b7d27b086635255def7e/t/69aff1474c7b50738a7eb298/1773138247858/Voting_Intention_2026.3.5.xlsx
Convergent Opinion,2026-03-06,19.0,19.0,24.0,13.0,15.0,,https://convergent-opinion.com/polling-archive/meliore-vi-260306.xlsx
Opinium,2026-03-06,21.0,16.0,29.0,10.0,14.0,-42,https://www.opinium.com/wp-content/uploads/2026/03/VI-2026-03-04-Opinium-Observer-Web-Tables-1411.xlsx
Find Out Now,2026-03-06,15.0,17.0,27.0,10.0,21.0,,https://cms.findoutnow.co.uk/app/uploads/2026/03/4th-March-VI-Find-Out-Now.xlsx
More in Common,2026-03-09,22.0,19.0,30.0,13.0,11.0,-41,https://www.moreincommon.org.uk/media/jkqdgsp4/9-march-voting-intention.xlsx
YouGov,2026-03-10,17.0,19.0,23.0,14.0,19.0,,https://ygo-assets-websites-editorial-emea.yougov.net/documents/VotingIntention_MRP_Results_260310_w.pdf
Focaldata,2026-03-10,,,,,,-48,https://www.focaldata.com/blog/westminster-voting-intention-greens-surge-after-by-election-win
Find Out Now,2026-03-11,15.0,17.0,26.0,11.0,21.0,,https://cms.findoutnow.co.uk/app/uploads/2026/03/11th-March-VI-Find-Out-Now.xlsx
Ipsos,2026-03-11,21.0,17.0,28.0,9.0,17.0,-53,https://www.ipsos.com/sites/default/files/ct/news/documents/2026-03/Ipsos%20Political%20Monitor%20Tables%20March%202026.pdf
Trajectory Partnership,2026-03-11,27.0,19.0,24.0,10.0,12.0,,https://trajectorypartnership.com/mp-files/voting-intention-march-2026.pdf/
Techne,2026-03-12,17.0,18.0,27.0,14.0,17.0,,https://www.techneuk.com/wp-content/uploads/2026/03/R163-UK-2026-3-13-DATA.pdf
YouGov,2026-03-13,,,,,,-53,https://d3nkl3psvxxpe9.cloudfront.net/documents/Copy_of_Topline_Eurotrack_Mar26.pdf
YouGov,2026-03-16,17.0,17.0,25.0,14.0,19.0,,https://ygo-assets-websites-editorial-emea.yougov.net/documents/VotingIntention_MRP_Results_260316_w.pdf
More in Common,2026-03-16,20.0,21.0,28.0,12.0,13.0,-45,https://www.moreincommon.org.uk/media/vsghduog/voting-intention-16-march.xlsx
JL Partners,2026-03-16,,,,,,-40,https://static1.squarespace.com/static/6904b7d27b086635255def7e/t/69caef50033e6a2cca11080f/1774907218170/Starmer+favourability.xlsx
Find Out Now,2026-03-18,16.0,17.0,25.0,11.0,19.0,,https://cms.findoutnow.co.uk/app/uploads/2026/03/18th-March-VI-Find-Out-Now.xlsx
YouGov,2026-03-19,,,,,,-48,https://yougov.com/en-gb/articles/54380-political-favourability-ratings-march-2026
Opinium,2026-03-20,21.0,17.0,27.0,12.0,15.0,-38,https://www.opinium.com/wp-content/uploads/2026/03/VI-2026-03-18-Opinimu-Observer-Web-Tables-1210.xlsx
More in Common,2026-03-22,19.0,20.0,27.0,14.0,12.0,-42,https://www.moreincommon.org.uk/media/0qjl55zw/voting-intention-march-18.xlsx
YouGov,2026-03-23,19.0,17.0,23.0,13.0,18.0,-50,https://ygo-assets-websites-editorial-emea.yougov.net/documents/VotingIntention_MRP_Results_260323_w.pdf
Verian,2026-03-23,15.0,18.0,25.0,14.0,20.0,,https://www.veriangroup.com/hubfs/UK/polling/method-and-tables/march-2026-.pdf
Find Out Now,2026-03-25,16.0,16.0,25.0,10.0,19.0,,https://cms.findoutnow.co.uk/app/uploads/2026/03/Restore-VI-25th-March.xlsx
BMG Research,2026-03-26,19.0,18.0,28.0,12.0,16.0,-46,https://bmgresearch.com/wp-content/uploads/2026/03/march-2026-omnibus-tables-for-the-i.xlsx
Find Out Now,2026-03-27,16.0,18.0,24.0,12.0,20.0,,https://cms.findoutnow.co.uk/app/uploads/2026/03/26th-March-VI-Find-Out-Now.xlsx
YouGov,2026-03-30,18.0,19.0,23.0,12.0,19.0,,https://ygo-assets-websites-editorial-emea.yougov.net/documents/VotingIntention_MRP_Results_260330_w.pdf
