constituency,projected_winner,projected_labour_share,projected_margin,at_risk,source_url,published_date
Aberafan Maesteg,Reform UK,17.59,-18.46,True,https://www.electoralcalculus.co.uk/blogs/ec_vipoll_20260113.html,2026-01-13
Airdrie and Shotts,Scottish National Party,26.59,-5.16,True,https://www.electoralcalculus.co.uk/blogs/ec_vipoll_20260113.html,2026-01-13
Aldershot,Reform UK,20.92,-9.87,True,https://www.electoralcalculus.co.uk/blogs/ec_vipoll_20260113.html,2026-01-13
Alloa and Grangemouth,Scottish National Party,21.72,-8.0,True,https://www.electoralcalculus.co.uk/blogs/ec_vipoll_20260113.html,2026-01-13
Altrincham and Sale West,Labour,24.33,0.77,False,https://www.electoralcalculus.co.uk/blogs/ec_vipoll_20260113.html,2026-01-13
Alyn and Deeside,Reform UK,15.46,-23.3,True,https://www.electoralcalculus.co.uk/blogs/ec_vipoll_20260113.html,2026-01-13
Amber Valley,Reform UK,19.26,-25.77,True,https://www.electoralcalculus.co.uk/blogs/ec_vipoll_20260113.html,2026-01-13
Ashford,Conservative,7.89,-31.56,True,https://www.electoralcalculus.co.uk/blogs/ec_vipoll_20260113.html,2026-01-13
Ashton-under-Lyne,Reform UK,18.15,-27.29,True,https://www.electoralcalculus.co.uk/blogs/ec_vipoll_20260113.html,2026-01-13
Aylesbury,Reform UK,16.79,-8.11,True,https://www.electoralcalculus.co.uk/blogs/ec_vipoll_20260113.html,2026-01-13
"Ayr, Carrick and Cumnock",Scottish National Party,17.09,-9.97,True,https://www.electoralcalculus.co.uk/blogs/ec_vipoll_20260113.html,2026-01-13
Banbury,Reform UK,21.35,-9.81,True,https://www.electoralcalculus.co.uk/blogs/ec_vipoll_20260113.html,2026-01-13
Bangor Aberconwy,Reform UK,16.37,-10.45,True,https://www.electoralcalculus.co.uk/blogs/ec_vipoll_20260113.html,2026-01-13
Barking,Reform UK,17.81,-16.24,True,https://www.electoralcalculus.co.uk/blogs/ec_vipoll_20260113.html,2026-01-13
Barnsley North,Reform UK,30.86,-24.04,True,https://www.electoralcalculus.co.uk/blogs/ec_vipoll_20260113.html,2026-01-13
Barnsley South,Reform UK,22.26,-34.22,True,https://www.electoralcalculus.co.uk/blogs/ec_vipoll_20260113.html,2026-01-13
Barrow and Furness,Reform UK,20.75,-18.99,True,https://www.electoralcalculus.co.uk/blogs/ec_vipoll_20260113.html,2026-01-13
Basingstoke,Reform UK,20.52,-6.75,True,https://www.electoralcalculus.co.uk/blogs/ec_vipoll_20260113.html,2026-01-13
Bassetlaw,Reform UK,21.64,-19.26,True,https://www.electoralcalculus.co.uk/blogs/ec_vipoll_20260113.html,2026-01-13
Bathgate and Linlithgow,Scottish National Party,23.77,-4.3,True,https://www.electoralcalculus.co.uk/blogs/ec_vipoll_20260113.html,2026-01-13
Battersea,Labour,28.19,5.43,False,https://www.electoralcalculus.co.uk/blogs/ec_vipoll_20260113.html,2026-01-13
Beckenham and Penge,Labour,27.67,6.67,False,https://www.electoralcalculus.co.uk/blogs/ec_vipoll_20260113.html,2026-01-13
Bedford,Reform UK,30.1,-1.75,True,https://www.electoralcalculus.co.uk/blogs/ec_vipoll_20260113.html,2026-01-13
Bermondsey and Old Southwark,Green Party,23.16,-7.92,True,https://www.electoralcalculus.co.uk/blogs/ec_vipoll_20260113.html,2026-01-13
Bethnal Green and Stepney,Green Party,14.71,-19.41,True,https://www.electoralcalculus.co.uk/blogs/ec_vipoll_20260113.html,2026-01-13
Bexleyheath and Crayford,Reform UK,15.2,-24.39,True,https://www.electoralcalculus.co.uk/blogs/ec_vipoll_20260113.html,2026-01-13
Birkenhead,Reform UK,20.17,-11.97,True,https://www.electoralcalculus.co.uk/blogs/ec_vipoll_20260113.html,2026-01-13
Birmingham Edgbaston,Reform UK,20.46,-5.27,True,https://www.electoralcalculus.co.uk/blogs/ec_vipoll_20260113.html,2026-01-13
Birmingham Erdington,Reform UK,14.41,-28.5,True,https://www.electoralcalculus.co.uk/blogs/ec_vipoll_20260113.html,2026-01-13
Birmingham Hall Green and Moseley,Your Party,14.73,-9.48,True,https://www.electoralcalculus.co.uk/blogs/ec_vipoll_20260113.html,2026-01-13
Birmingham Hodge Hill and Solihull North,Reform UK,11.16,-28.25,True,https://www.electoralcalculus.co.uk/blogs/ec_vipoll_20260113.html,2026-01-13
Birmingham Ladywood,Green Party,15.25,-16.15,True,https://www.electoralcalculus.co.uk/blogs/ec_vipoll_20260113.html,2026-01-13
Birmingham Northfield,Reform UK,17.45,-20.26,True,https://www.electoralcalculus.co.uk/blogs/ec_vipoll_20260113.html,2026-01-13
Birmingham Selly Oak,Reform UK,18.08,-12.79,True,https://www.electoralcalculus.co.uk/blogs/ec_vipoll_20260113.html,2026-01-13
Birmingham Yardley,Reform UK,14.11,-15.98,True,https://www.electoralcalculus.co.uk/blogs/ec_vipoll_20260113.html,2026-01-13
Bishop Auckland,Reform UK,19.74,-19.94,True,https://www.electoralcalculus.co.uk/blogs/ec_vipoll_20260113.html,2026-01-13
Blackley and Middleton South,Reform UK,20.94,-19.99,True,https://www.electoralcalculus.co.uk/blogs/ec_vipoll_20260113.html,2026-01-13
Blackpool North and Fleetwood,Reform UK,19.25,-20.91,True,https://www.electoralcalculus.co.uk/blogs/ec_vipoll_20260113.html,2026-01-13
Blackpool South,Reform UK,16.73,-34.05,True,https://www.electoralcalculus.co.uk/blogs/ec_vipoll_20260113.html,2026-01-13
Blaenau Gwent and Rhymney,Reform UK,12.04,-17.55,True,https://www.electoralcalculus.co.uk/blogs/ec_vipoll_20260113.html,2026-01-13
Blaydon and Consett,Reform UK,30.66,-13.33,True,https://www.electoralcalculus.co.uk/blogs/ec_vipoll_20260113.html,2026-01-13
Blyth and Ashington,Reform UK,18.29,-24.58,True,https://www.electoralcalculus.co.uk/blogs/ec_vipoll_20260113.html,2026-01-13
Bolsover,Reform UK,20.3,-23.01,True,https://www.electoralcalculus.co.uk/blogs/ec_vipoll_20260113.html,2026-01-13
Bolton North East,Reform UK,17.97,-18.82,True,https://www.electoralcalculus.co.uk/blogs/ec_vipoll_20260113.html,2026-01-13
Bolton South and Walkden,Reform UK,15.95,-27.8,True,https://www.electoralcalculus.co.uk/blogs/ec_vipoll_20260113.html,2026-01-13
Bolton West,Reform UK,20.43,-12.1,True,https://www.electoralcalculus.co.uk/blogs/ec_vipoll_20260113.html,2026-01-13
Bootle,Labour,47.98,10.72,False,https://www.electoralcalculus.co.uk/blogs/ec_vipoll_20260113.html,2026-01-13
Bournemouth East,Reform UK,20.07,-8.08,True,https://www.electoralcalculus.co.uk/blogs/ec_vipoll_20260113.html,2026-01-13
Bournemouth West,Reform UK,15.39,-15.73,True,https://www.electoralcalculus.co.uk/blogs/ec_vipoll_20260113.html,2026-01-13
Bracknell,Reform UK,18.51,-17.17,True,https://www.electoralcalculus.co.uk/blogs/ec_vipoll_20260113.html,2026-01-13
Bradford East,Reform UK,16.09,-15.09,True,https://www.electoralcalculus.co.uk/blogs/ec_vipoll_20260113.html,2026-01-13
Bradford South,Reform UK,12.9,-31.58,True,https://www.electoralcalculus.co.uk/blogs/ec_vipoll_20260113.html,2026-01-13
Bradford West,Your Party,12.98,-14.97,True,https://www.electoralcalculus.co.uk/blogs/ec_vipoll_20260113.html,2026-01-13
Brent East,Green Party,23.57,-3.3,True,https://www.electoralcalculus.co.uk/blogs/ec_vipoll_20260113.html,2026-01-13
Brent West,Reform UK,22.59,-1.35,True,https://www.electoralcalculus.co.uk/blogs/ec_vipoll_20260113.html,2026-01-13
Brentford and Isleworth,Labour,26.2,2.42,False,https://www.electoralcalculus.co.uk/blogs/ec_vipoll_20260113.html,2026-01-13
Bridgend,Reform UK,15.88,-18.55,True,https://www.electoralcalculus.co.uk/blogs/ec_vipoll_20260113.html,2026-01-13
Brighton Kemptown and Peacehaven,Green Party,25.11,-3.79,True,https://www.electoralcalculus.co.uk/blogs/ec_vipoll_20260113.html,2026-01-13
Bristol East,Green Party,15.1,-23.08,True,https://www.electoralcalculus.co.uk/blogs/ec_vipoll_20260113.html,2026-01-13
Bristol North East,Reform UK,18.23,-12.13,True,https://www.electoralcalculus.co.uk/blogs/ec_vipoll_20260113.html,2026-01-13
Bristol North West,Green Party,22.97,-4.0,True,https://www.electoralcalculus.co.uk/blogs/ec_vipoll_20260113.html,2026-01-13
Bristol South,Green Party,17.08,-14.68,True,https://www.electoralcalculus.co.uk/blogs/ec_vipoll_20260113.html,2026-01-13
Broxtowe,Reform UK,21.58,-10.32,True,https://www.electoralcalculus.co.uk/blogs/ec_vipoll_20260113.html,2026-01-13
Buckingham and Bletchley,Reform UK,19.47,-13.97,True,https://www.electoralcalculus.co.uk/blogs/ec_vipoll_20260113.html,2026-01-13
Burnley,Reform UK,15.17,-20.64,True,https://www.electoralcalculus.co.uk/blogs/ec_vipoll_20260113.html,2026-01-13
Burton and Uttoxeter,Reform UK,16.45,-26.41,True,https://www.electoralcalculus.co.uk/blogs/ec_vipoll_20260113.html,2026-01-13
Bury North,Reform UK,22.4,-8.96,True,https://www.electoralcalculus.co.uk/blogs/ec_vipoll_20260113.html,2026-01-13
Bury South,Reform UK,28.59,-8.37,True,https://www.electoralcalculus.co.uk/blogs/ec_vipoll_20260113.html,2026-01-13
Bury St Edmunds and Stowmarket,Conservative,8.67,-32.6,True,https://www.electoralcalculus.co.uk/blogs/ec_vipoll_20260113.html,2026-01-13
Caerphilly,Reform UK,5.0,-35.66,True,https://www.electoralcalculus.co.uk/blogs/ec_vipoll_20260113.html,2026-01-13
Calder Valley,Reform UK,28.24,-4.36,True,https://www.electoralcalculus.co.uk/blogs/ec_vipoll_20260113.html,2026-01-13
Camborne and Redruth,Reform UK,20.57,-12.63,True,https://www.electoralcalculus.co.uk/blogs/ec_vipoll_20260113.html,2026-01-13
Cambridge,Green Party,23.25,-11.78,True,https://www.electoralcalculus.co.uk/blogs/ec_vipoll_20260113.html,2026-01-13
Cannock Chase,Reform UK,14.18,-30.16,True,https://www.electoralcalculus.co.uk/blogs/ec_vipoll_20260113.html,2026-01-13
Cardiff East,Reform UK,19.93,-3.38,True,https://www.electoralcalculus.co.uk/blogs/ec_vipoll_20260113.html,2026-01-13
Cardiff North,Labour,25.76,5.13,False,https://www.electoralcalculus.co.uk/blogs/ec_vipoll_20260113.html,2026-01-13
Cardiff South and Penarth,Reform UK,19.58,-3.7,True,https://www.electoralcalculus.co.uk/blogs/ec_vipoll_20260113.html,2026-01-13
Cardiff West,Reform UK,17.32,-7.49,True,https://www.electoralcalculus.co.uk/blogs/ec_vipoll_20260113.html,2026-01-13
Carlisle,Reform UK,19.61,-17.03,True,https://www.electoralcalculus.co.uk/blogs/ec_vipoll_20260113.html,2026-01-13
Central Ayrshire,Scottish National Party,21.66,-6.26,True,https://www.electoralcalculus.co.uk/blogs/ec_vipoll_20260113.html,2026-01-13
Chatham and Aylesford,Reform UK,13.53,-26.08,True,https://www.electoralcalculus.co.uk/blogs/ec_vipoll_20260113.html,2026-01-13
Chelsea and Fulham,Conservative,25.95,-0.33,True,https://www.electoralcalculus.co.uk/blogs/ec_vipoll_20260113.html,2026-01-13
Chester North and Neston,Labour,46.92,8.65,False,https://www.electoralcalculus.co.uk/blogs/ec_vipoll_20260113.html,2026-01-13
Chesterfield,Reform UK,42.7,-1.2,True,https://www.electoralcalculus.co.uk/blogs/ec_vipoll_20260113.html,2026-01-13
Chipping Barnet,Labour,28.92,3.77,False,https://www.electoralcalculus.co.uk/blogs/ec_vipoll_20260113.html,2026-01-13
Cities of London and Westminster,Labour,21.3,1.27,False,https://www.electoralcalculus.co.uk/blogs/ec_vipoll_20260113.html,2026-01-13
City of Durham,Reform UK,21.93,-10.33,True,https://www.electoralcalculus.co.uk/blogs/ec_vipoll_20260113.html,2026-01-13
Clapham and Brixton Hill,Green Party,27.69,-8.45,True,https://www.electoralcalculus.co.uk/blogs/ec_vipoll_20260113.html,2026-01-13
Clwyd East,Reform UK,18.74,-9.45,True,https://www.electoralcalculus.co.uk/blogs/ec_vipoll_20260113.html,2026-01-13
Clwyd North,Reform UK,13.84,-18.02,True,https://www.electoralcalculus.co.uk/blogs/ec_vipoll_20260113.html,2026-01-13
Coatbridge and Bellshill,Scottish National Party,25.54,-8.73,True,https://www.electoralcalculus.co.uk/blogs/ec_vipoll_20260113.html,2026-01-13
Colchester,Reform UK,21.96,-6.77,True,https://www.electoralcalculus.co.uk/blogs/ec_vipoll_20260113.html,2026-01-13
Colne Valley,Reform UK,23.79,-4.79,True,https://www.electoralcalculus.co.uk/blogs/ec_vipoll_20260113.html,2026-01-13
Congleton,Reform UK,20.18,-12.52,True,https://www.electoralcalculus.co.uk/blogs/ec_vipoll_20260113.html,2026-01-13
Corby and East Northamptonshire,Reform UK,20.9,-10.43,True,https://www.electoralcalculus.co.uk/blogs/ec_vipoll_20260113.html,2026-01-13
Coventry East,Reform UK,19.03,-20.78,True,https://www.electoralcalculus.co.uk/blogs/ec_vipoll_20260113.html,2026-01-13
Coventry North West,Reform UK,23.25,-11.32,True,https://www.electoralcalculus.co.uk/blogs/ec_vipoll_20260113.html,2026-01-13
Cowdenbeath and Kirkcaldy,Scottish National Party,22.95,-5.84,True,https://www.electoralcalculus.co.uk/blogs/ec_vipoll_20260113.html,2026-01-13
Cramlington and Killingworth,Reform UK,26.68,-14.89,True,https://www.electoralcalculus.co.uk/blogs/ec_vipoll_20260113.html,2026-01-13
Crawley,Reform UK,19.52,-13.7,True,https://www.electoralcalculus.co.uk/blogs/ec_vipoll_20260113.html,2026-01-13
Crewe and Nantwich,Reform UK,23.2,-14.37,True,https://www.electoralcalculus.co.uk/blogs/ec_vipoll_20260113.html,2026-01-13
Croydon East,Reform UK,19.22,-4.83,True,https://www.electoralcalculus.co.uk/blogs/ec_vipoll_20260113.html,2026-01-13
Croydon West,Green Party,21.31,-5.53,True,https://www.electoralcalculus.co.uk/blogs/ec_vipoll_20260113.html,2026-01-13
Cumbernauld and Kirkintilloch,Scottish National Party,22.61,-13.25,True,https://www.electoralcalculus.co.uk/blogs/ec_vipoll_20260113.html,2026-01-13
Dagenham and Rainham,Reform UK,15.4,-29.61,True,https://www.electoralcalculus.co.uk/blogs/ec_vipoll_20260113.html,2026-01-13
Darlington,Reform UK,18.62,-18.38,True,https://www.electoralcalculus.co.uk/blogs/ec_vipoll_20260113.html,2026-01-13
Dartford,Reform UK,11.56,-27.71,True,https://www.electoralcalculus.co.uk/blogs/ec_vipoll_20260113.html,2026-01-13
Derby North,Reform UK,30.73,-5.1,True,https://www.electoralcalculus.co.uk/blogs/ec_vipoll_20260113.html,2026-01-13
Derby South,Reform UK,14.85,-28.1,True,https://www.electoralcalculus.co.uk/blogs/ec_vipoll_20260113.html,2026-01-13
Derbyshire Dales,Reform UK,20.28,-11.79,True,https://www.electoralcalculus.co.uk/blogs/ec_vipoll_20260113.html,2026-01-13
Doncaster Central,Reform UK,25.86,-15.8,True,https://www.electoralcalculus.co.uk/blogs/ec_vipoll_20260113.html,2026-01-13
Doncaster East and the Isle of Axholme,Reform UK,17.37,-25.59,True,https://www.electoralcalculus.co.uk/blogs/ec_vipoll_20260113.html,2026-01-13
Doncaster North,Reform UK,23.76,-5.76,True,https://www.electoralcalculus.co.uk/blogs/ec_vipoll_20260113.html,2026-01-13
Dover and Deal,Reform UK,19.86,-20.31,True,https://www.electoralcalculus.co.uk/blogs/ec_vipoll_20260113.html,2026-01-13
Dudley,Reform UK,10.36,-34.88,True,https://www.electoralcalculus.co.uk/blogs/ec_vipoll_20260113.html,2026-01-13
Dulwich and West Norwood,Green Party,29.35,-8.74,True,https://www.electoralcalculus.co.uk/blogs/ec_vipoll_20260113.html,2026-01-13
Dunfermline and Dollar,Scottish National Party,22.91,-5.07,True,https://www.electoralcalculus.co.uk/blogs/ec_vipoll_20260113.html,2026-01-13
Dunstable and Leighton Buzzard,Reform UK,13.49,-24.5,True,https://www.electoralcalculus.co.uk/blogs/ec_vipoll_20260113.html,2026-01-13
Ealing Central and Acton,Labour,24.89,0.1,False,https://www.electoralcalculus.co.uk/blogs/ec_vipoll_20260113.html,2026-01-13
Ealing North,Reform UK,23.14,-4.72,True,https://www.electoralcalculus.co.uk/blogs/ec_vipoll_20260113.html,2026-01-13
Ealing Southall,Green Party,24.13,-1.11,True,https://www.electoralcalculus.co.uk/blogs/ec_vipoll_20260113.html,2026-01-13
Earley and Woodley,Conservative,24.74,-3.15,True,https://www.electoralcalculus.co.uk/blogs/ec_vipoll_20260113.html,2026-01-13
Easington,Reform UK,17.35,-29.25,True,https://www.electoralcalculus.co.uk/blogs/ec_vipoll_20260113.html,2026-01-13
East Ham,Green Party,21.93,-5.87,True,https://www.electoralcalculus.co.uk/blogs/ec_vipoll_20260113.html,2026-01-13
East Kilbride and Strathaven,Scottish National Party,24.75,-5.28,True,https://www.electoralcalculus.co.uk/blogs/ec_vipoll_20260113.html,2026-01-13
East Renfrewshire,Scottish National Party,21.65,-6.08,True,https://www.electoralcalculus.co.uk/blogs/ec_vipoll_20260113.html,2026-01-13
East Thanet,Reform UK,20.0,-19.18,True,https://www.electoralcalculus.co.uk/blogs/ec_vipoll_20260113.html,2026-01-13
East Worthing and Shoreham,Reform UK,27.27,-5.86,True,https://www.electoralcalculus.co.uk/blogs/ec_vipoll_20260113.html,2026-01-13
Edinburgh East and Musselburgh,Scottish National Party,20.11,-13.73,True,https://www.electoralcalculus.co.uk/blogs/ec_vipoll_20260113.html,2026-01-13
Edinburgh North and Leith,Scottish National Party,20.63,-7.51,True,https://www.electoralcalculus.co.uk/blogs/ec_vipoll_20260113.html,2026-01-13
Edinburgh South,Labour,27.78,4.09,False,https://www.electoralcalculus.co.uk/blogs/ec_vipoll_20260113.html,2026-01-13
Edinburgh South West,Scottish National Party,19.88,-8.17,True,https://www.electoralcalculus.co.uk/blogs/ec_vipoll_20260113.html,2026-01-13
Edmonton and Winchmore Hill,Reform UK,20.54,-6.44,True,https://www.electoralcalculus.co.uk/blogs/ec_vipoll_20260113.html,2026-01-13
Ellesmere Port and Bromborough,Reform UK,41.89,-2.44,True,https://www.electoralcalculus.co.uk/blogs/ec_vipoll_20260113.html,2026-01-13
Eltham and Chislehurst,Reform UK,23.97,-6.1,True,https://www.electoralcalculus.co.uk/blogs/ec_vipoll_20260113.html,2026-01-13
Enfield North,Labour,27.18,0.07,False,https://www.electoralcalculus.co.uk/blogs/ec_vipoll_20260113.html,2026-01-13
Erewash,Reform UK,20.66,-18.03,True,https://www.electoralcalculus.co.uk/blogs/ec_vipoll_20260113.html,2026-01-13
Erith and Thamesmead,Reform UK,22.73,-9.16,True,https://www.electoralcalculus.co.uk/blogs/ec_vipoll_20260113.html,2026-01-13
Exeter,Reform UK,19.62,-8.79,True,https://www.electoralcalculus.co.uk/blogs/ec_vipoll_20260113.html,2026-01-13
Falkirk,Scottish National Party,21.25,-10.87,True,https://www.electoralcalculus.co.uk/blogs/ec_vipoll_20260113.html,2026-01-13
Feltham and Heston,Reform UK,24.63,-7.95,True,https://www.electoralcalculus.co.uk/blogs/ec_vipoll_20260113.html,2026-01-13
Filton and Bradley Stoke,Reform UK,22.98,-3.34,True,https://www.electoralcalculus.co.uk/blogs/ec_vipoll_20260113.html,2026-01-13
Finchley and Golders Green,Labour,29.88,7.35,False,https://www.electoralcalculus.co.uk/blogs/ec_vipoll_20260113.html,2026-01-13
Folkestone and Hythe,Reform UK,16.45,-24.34,True,https://www.electoralcalculus.co.uk/blogs/ec_vipoll_20260113.html,2026-01-13
Forest of Dean,Reform UK,8.52,-30.41,True,https://www.electoralcalculus.co.uk/blogs/ec_vipoll_20260113.html,2026-01-13
Gateshead Central and Whickham,Reform UK,31.65,-9.51,True,https://www.electoralcalculus.co.uk/blogs/ec_vipoll_20260113.html,2026-01-13
Gedling,Labour,43.91,1.82,False,https://www.electoralcalculus.co.uk/blogs/ec_vipoll_20260113.html,2026-01-13
Gillingham and Rainham,Reform UK,17.31,-18.87,True,https://www.electoralcalculus.co.uk/blogs/ec_vipoll_20260113.html,2026-01-13
Glasgow East,Scottish National Party,21.77,-12.19,True,https://www.electoralcalculus.co.uk/blogs/ec_vipoll_20260113.html,2026-01-13
Glasgow North,Scottish National Party,20.71,-12.04,True,https://www.electoralcalculus.co.uk/blogs/ec_vipoll_20260113.html,2026-01-13
Glasgow North East,Scottish National Party,23.05,-10.02,True,https://www.electoralcalculus.co.uk/blogs/ec_vipoll_20260113.html,2026-01-13
Glasgow South,Scottish National Party,20.44,-12.26,True,https://www.electoralcalculus.co.uk/blogs/ec_vipoll_20260113.html,2026-01-13
Glasgow South West,Scottish National Party,21.61,-13.55,True,https://www.electoralcalculus.co.uk/blogs/ec_vipoll_20260113.html,2026-01-13
Glasgow West,Scottish National Party,23.55,-7.77,True,https://www.electoralcalculus.co.uk/blogs/ec_vipoll_20260113.html,2026-01-13
Glenrothes and Mid Fife,Scottish National Party,22.02,-14.85,True,https://www.electoralcalculus.co.uk/blogs/ec_vipoll_20260113.html,2026-01-13
Gloucester,Reform UK,16.03,-15.79,True,https://www.electoralcalculus.co.uk/blogs/ec_vipoll_20260113.html,2026-01-13
Gower,Reform UK,19.17,-11.52,True,https://www.electoralcalculus.co.uk/blogs/ec_vipoll_20260113.html,2026-01-13
Gravesham,Reform UK,17.71,-24.31,True,https://www.electoralcalculus.co.uk/blogs/ec_vipoll_20260113.html,2026-01-13
Great Grimsby and Cleethorpes,Reform UK,17.87,-29.92,True,https://www.electoralcalculus.co.uk/blogs/ec_vipoll_20260113.html,2026-01-13
Greenwich and Woolwich,Green Party,26.13,-5.78,True,https://www.electoralcalculus.co.uk/blogs/ec_vipoll_20260113.html,2026-01-13
Hackney North and Stoke Newington,Green Party,23.67,-18.74,True,https://www.electoralcalculus.co.uk/blogs/ec_vipoll_20260113.html,2026-01-13
Hackney South and Shoreditch,Green Party,25.76,-18.62,True,https://www.electoralcalculus.co.uk/blogs/ec_vipoll_20260113.html,2026-01-13
Halesowen,Reform UK,17.32,-19.5,True,https://www.electoralcalculus.co.uk/blogs/ec_vipoll_20260113.html,2026-01-13
Halifax,Reform UK,14.66,-25.79,True,https://www.electoralcalculus.co.uk/blogs/ec_vipoll_20260113.html,2026-01-13
Hamilton and Clyde Valley,Scottish National Party,25.63,-2.71,True,https://www.electoralcalculus.co.uk/blogs/ec_vipoll_20260113.html,2026-01-13
Hammersmith and Chiswick,Labour,26.32,0.5,False,https://www.electoralcalculus.co.uk/blogs/ec_vipoll_20260113.html,2026-01-13
Hampstead and Highgate,Green Party,26.74,-1.02,True,https://www.electoralcalculus.co.uk/blogs/ec_vipoll_20260113.html,2026-01-13
Harlow,Reform UK,16.64,-25.46,True,https://www.electoralcalculus.co.uk/blogs/ec_vipoll_20260113.html,2026-01-13
Harrow West,Labour,24.05,2.26,False,https://www.electoralcalculus.co.uk/blogs/ec_vipoll_20260113.html,2026-01-13
Hartlepool,Reform UK,22.84,-23.41,True,https://www.electoralcalculus.co.uk/blogs/ec_vipoll_20260113.html,2026-01-13
Hastings and Rye,Reform UK,19.29,-13.49,True,https://www.electoralcalculus.co.uk/blogs/ec_vipoll_20260113.html,2026-01-13
Hayes and Harlington,Labour,40.85,5.11,False,https://www.electoralcalculus.co.uk/blogs/ec_vipoll_20260113.html,2026-01-13
Hemel Hempstead,Reform UK,19.35,-10.26,True,https://www.electoralcalculus.co.uk/blogs/ec_vipoll_20260113.html,2026-01-13
Hendon,Conservative,23.06,-2.9,True,https://www.electoralcalculus.co.uk/blogs/ec_vipoll_20260113.html,2026-01-13
Hertford and Stortford,Conservative,18.29,-10.07,True,https://www.electoralcalculus.co.uk/blogs/ec_vipoll_20260113.html,2026-01-13
Hexham,Conservative,29.37,-0.27,True,https://www.electoralcalculus.co.uk/blogs/ec_vipoll_20260113.html,2026-01-13
Heywood and Middleton North,Reform UK,16.81,-28.67,True,https://www.electoralcalculus.co.uk/blogs/ec_vipoll_20260113.html,2026-01-13
High Peak,Reform UK,26.03,-2.49,True,https://www.electoralcalculus.co.uk/blogs/ec_vipoll_20260113.html,2026-01-13
Hitchin,Labour,24.28,0.15,False,https://www.electoralcalculus.co.uk/blogs/ec_vipoll_20260113.html,2026-01-13
Holborn and St Pancras,Green Party,25.97,-6.5,True,https://www.electoralcalculus.co.uk/blogs/ec_vipoll_20260113.html,2026-01-13
Hornsey and Friern Barnet,Green Party,32.1,-2.25,True,https://www.electoralcalculus.co.uk/blogs/ec_vipoll_20260113.html,2026-01-13
Houghton and Sunderland South,Reform UK,30.05,-23.98,True,https://www.electoralcalculus.co.uk/blogs/ec_vipoll_20260113.html,2026-01-13
Hove and Portslade,Green Party,26.44,-2.63,True,https://www.electoralcalculus.co.uk/blogs/ec_vipoll_20260113.html,2026-01-13
Huddersfield,Reform UK,14.94,-17.19,True,https://www.electoralcalculus.co.uk/blogs/ec_vipoll_20260113.html,2026-01-13
Hyndburn,Reform UK,14.46,-24.15,True,https://www.electoralcalculus.co.uk/blogs/ec_vipoll_20260113.html,2026-01-13
Ilford North,Reform UK,20.28,-3.8,True,https://www.electoralcalculus.co.uk/blogs/ec_vipoll_20260113.html,2026-01-13
Ilford South,Reform UK,18.29,-6.22,True,https://www.electoralcalculus.co.uk/blogs/ec_vipoll_20260113.html,2026-01-13
Inverclyde and Renfrewshire West,Scottish National Party,23.71,-8.26,True,https://www.electoralcalculus.co.uk/blogs/ec_vipoll_20260113.html,2026-01-13
Ipswich,Reform UK,22.3,-9.7,True,https://www.electoralcalculus.co.uk/blogs/ec_vipoll_20260113.html,2026-01-13
Isle of Wight West,Conservative,10.57,-28.86,True,https://www.electoralcalculus.co.uk/blogs/ec_vipoll_20260113.html,2026-01-13
Islington South and Finsbury,Green Party,27.02,-9.75,True,https://www.electoralcalculus.co.uk/blogs/ec_vipoll_20260113.html,2026-01-13
Jarrow and Gateshead East,Reform UK,28.19,-21.64,True,https://www.electoralcalculus.co.uk/blogs/ec_vipoll_20260113.html,2026-01-13
Kensington and Bayswater,Labour,23.58,2.64,False,https://www.electoralcalculus.co.uk/blogs/ec_vipoll_20260113.html,2026-01-13
Kettering,Conservative,11.84,-22.57,True,https://www.electoralcalculus.co.uk/blogs/ec_vipoll_20260113.html,2026-01-13
Kilmarnock and Loudoun,Scottish National Party,22.41,-11.23,True,https://www.electoralcalculus.co.uk/blogs/ec_vipoll_20260113.html,2026-01-13
Kingston upon Hull North and Cottingham,Reform UK,28.33,-14.02,True,https://www.electoralcalculus.co.uk/blogs/ec_vipoll_20260113.html,2026-01-13
Kingston upon Hull West and Haltemprice,Reform UK,21.63,-22.63,True,https://www.electoralcalculus.co.uk/blogs/ec_vipoll_20260113.html,2026-01-13
Knowsley,Labour,45.01,2.61,False,https://www.electoralcalculus.co.uk/blogs/ec_vipoll_20260113.html,2026-01-13
Lancaster and Wyre,Reform UK,18.77,-11.13,True,https://www.electoralcalculus.co.uk/blogs/ec_vipoll_20260113.html,2026-01-13
Leeds Central and Headingley,Green Party,18.95,-24.6,True,https://www.electoralcalculus.co.uk/blogs/ec_vipoll_20260113.html,2026-01-13
Leeds East,Reform UK,19.21,-21.12,True,https://www.electoralcalculus.co.uk/blogs/ec_vipoll_20260113.html,2026-01-13
Leeds North East,Labour,26.16,1.63,False,https://www.electoralcalculus.co.uk/blogs/ec_vipoll_20260113.html,2026-01-13
Leeds North West,Labour,36.37,10.11,False,https://www.electoralcalculus.co.uk/blogs/ec_vipoll_20260113.html,2026-01-13
Leeds South,Reform UK,18.48,-10.27,True,https://www.electoralcalculus.co.uk/blogs/ec_vipoll_20260113.html,2026-01-13
Leeds South West and Morley,Reform UK,20.87,-17.16,True,https://www.electoralcalculus.co.uk/blogs/ec_vipoll_20260113.html,2026-01-13
Leeds West and Pudsey,Reform UK,19.98,-15.04,True,https://www.electoralcalculus.co.uk/blogs/ec_vipoll_20260113.html,2026-01-13
Leicester West,Reform UK,21.47,-10.17,True,https://www.electoralcalculus.co.uk/blogs/ec_vipoll_20260113.html,2026-01-13
Leigh and Atherton,Reform UK,24.37,-27.46,True,https://www.electoralcalculus.co.uk/blogs/ec_vipoll_20260113.html,2026-01-13
Lewisham East,Green Party,26.41,-3.94,True,https://www.electoralcalculus.co.uk/blogs/ec_vipoll_20260113.html,2026-01-13
Lewisham North,Green Party,26.04,-16.75,True,https://www.electoralcalculus.co.uk/blogs/ec_vipoll_20260113.html,2026-01-13
Lewisham West and East Dulwich,Green Party,30.23,-8.43,True,https://www.electoralcalculus.co.uk/blogs/ec_vipoll_20260113.html,2026-01-13
Leyton and Wanstead,Green Party,24.04,-6.76,True,https://www.electoralcalculus.co.uk/blogs/ec_vipoll_20260113.html,2026-01-13
Lichfield,Reform UK,16.78,-22.08,True,https://www.electoralcalculus.co.uk/blogs/ec_vipoll_20260113.html,2026-01-13
Lincoln,Reform UK,29.15,-9.07,True,https://www.electoralcalculus.co.uk/blogs/ec_vipoll_20260113.html,2026-01-13
Liverpool Garston,Labour,48.63,14.45,False,https://www.electoralcalculus.co.uk/blogs/ec_vipoll_20260113.html,2026-01-13
Liverpool Riverside,Green Party,23.73,-9.81,True,https://www.electoralcalculus.co.uk/blogs/ec_vipoll_20260113.html,2026-01-13
Liverpool Walton,Labour,47.19,6.84,False,https://www.electoralcalculus.co.uk/blogs/ec_vipoll_20260113.html,2026-01-13
Liverpool Wavertree,Green Party,26.68,-2.44,True,https://www.electoralcalculus.co.uk/blogs/ec_vipoll_20260113.html,2026-01-13
Liverpool West Derby,Labour,47.29,8.93,False,https://www.electoralcalculus.co.uk/blogs/ec_vipoll_20260113.html,2026-01-13
Livingston,Scottish National Party,18.91,-15.99,True,https://www.electoralcalculus.co.uk/blogs/ec_vipoll_20260113.html,2026-01-13
Llanelli,Reform UK,2.02,-43.33,True,https://www.electoralcalculus.co.uk/blogs/ec_vipoll_20260113.html,2026-01-13
Lothian East,Reform UK,25.01,-0.2,True,https://www.electoralcalculus.co.uk/blogs/ec_vipoll_20260113.html,2026-01-13
Loughborough,Reform UK,21.85,-7.03,True,https://www.electoralcalculus.co.uk/blogs/ec_vipoll_20260113.html,2026-01-13
Lowestoft,Reform UK,12.18,-29.23,True,https://www.electoralcalculus.co.uk/blogs/ec_vipoll_20260113.html,2026-01-13
Luton North,Reform UK,16.56,-16.34,True,https://www.electoralcalculus.co.uk/blogs/ec_vipoll_20260113.html,2026-01-13
Luton South and South Bedfordshire,Reform UK,14.88,-19.4,True,https://www.electoralcalculus.co.uk/blogs/ec_vipoll_20260113.html,2026-01-13
Macclesfield,Labour,25.99,0.87,False,https://www.electoralcalculus.co.uk/blogs/ec_vipoll_20260113.html,2026-01-13
Makerfield,Reform UK,26.61,-28.92,True,https://www.electoralcalculus.co.uk/blogs/ec_vipoll_20260113.html,2026-01-13
Manchester Central,Green Party,20.42,-9.8,True,https://www.electoralcalculus.co.uk/blogs/ec_vipoll_20260113.html,2026-01-13
Manchester Rusholme,Green Party,19.07,-23.07,True,https://www.electoralcalculus.co.uk/blogs/ec_vipoll_20260113.html,2026-01-13
Manchester Withington,Green Party,27.79,-10.27,True,https://www.electoralcalculus.co.uk/blogs/ec_vipoll_20260113.html,2026-01-13
Mansfield,Reform UK,18.94,-23.28,True,https://www.electoralcalculus.co.uk/blogs/ec_vipoll_20260113.html,2026-01-13
Merthyr Tydfil and Aberdare,Reform UK,12.68,-25.65,True,https://www.electoralcalculus.co.uk/blogs/ec_vipoll_20260113.html,2026-01-13
Mid Cheshire,Reform UK,23.77,-12.03,True,https://www.electoralcalculus.co.uk/blogs/ec_vipoll_20260113.html,2026-01-13
Mid Derbyshire,Reform UK,17.22,-16.29,True,https://www.electoralcalculus.co.uk/blogs/ec_vipoll_20260113.html,2026-01-13
Mid and South Pembrokeshire,Reform UK,14.16,-18.38,True,https://www.electoralcalculus.co.uk/blogs/ec_vipoll_20260113.html,2026-01-13
Middlesbrough South and East Cleveland,Conservative,20.04,-15.59,True,https://www.electoralcalculus.co.uk/blogs/ec_vipoll_20260113.html,2026-01-13
Middlesbrough and Thornaby East,Reform UK,16.05,-28.71,True,https://www.electoralcalculus.co.uk/blogs/ec_vipoll_20260113.html,2026-01-13
Midlothian,Scottish National Party,24.8,-6.21,True,https://www.electoralcalculus.co.uk/blogs/ec_vipoll_20260113.html,2026-01-13
Milton Keynes Central,Reform UK,23.27,-1.05,True,https://www.electoralcalculus.co.uk/blogs/ec_vipoll_20260113.html,2026-01-13
Milton Keynes North,Reform UK,23.22,-3.23,True,https://www.electoralcalculus.co.uk/blogs/ec_vipoll_20260113.html,2026-01-13
Mitcham and Morden,Labour,25.86,0.07,False,https://www.electoralcalculus.co.uk/blogs/ec_vipoll_20260113.html,2026-01-13
Monmouthshire,Conservative,24.84,-2.55,True,https://www.electoralcalculus.co.uk/blogs/ec_vipoll_20260113.html,2026-01-13
Montgomeryshire and Glyndŵr,Reform UK,10.81,-22.83,True,https://www.electoralcalculus.co.uk/blogs/ec_vipoll_20260113.html,2026-01-13
Morecambe and Lunesdale,Reform UK,22.26,-8.63,True,https://www.electoralcalculus.co.uk/blogs/ec_vipoll_20260113.html,2026-01-13
"Motherwell, Wishaw and Carluke",Scottish National Party,25.1,-6.72,True,https://www.electoralcalculus.co.uk/blogs/ec_vipoll_20260113.html,2026-01-13
Na h-Eileanan an Iar,Labour,25.33,2.15,False,https://www.electoralcalculus.co.uk/blogs/ec_vipoll_20260113.html,2026-01-13
Neath and Swansea East,Reform UK,14.97,-22.0,True,https://www.electoralcalculus.co.uk/blogs/ec_vipoll_20260113.html,2026-01-13
Newcastle upon Tyne Central and West,Reform UK,18.73,-18.66,True,https://www.electoralcalculus.co.uk/blogs/ec_vipoll_20260113.html,2026-01-13
Newcastle upon Tyne East and Wallsend,Reform UK,21.54,-14.16,True,https://www.electoralcalculus.co.uk/blogs/ec_vipoll_20260113.html,2026-01-13
Newcastle upon Tyne North,Labour,29.23,3.08,False,https://www.electoralcalculus.co.uk/blogs/ec_vipoll_20260113.html,2026-01-13
Newcastle-under-Lyme,Reform UK,18.19,-17.9,True,https://www.electoralcalculus.co.uk/blogs/ec_vipoll_20260113.html,2026-01-13
Newport East,Reform UK,16.01,-19.47,True,https://www.electoralcalculus.co.uk/blogs/ec_vipoll_20260113.html,2026-01-13
Newport West and Islwyn,Reform UK,17.68,-17.24,True,https://www.electoralcalculus.co.uk/blogs/ec_vipoll_20260113.html,2026-01-13
Newton Aycliffe and Spennymoor,Reform UK,21.3,-17.96,True,https://www.electoralcalculus.co.uk/blogs/ec_vipoll_20260113.html,2026-01-13
Normanton and Hemsworth,Reform UK,23.82,-30.66,True,https://www.electoralcalculus.co.uk/blogs/ec_vipoll_20260113.html,2026-01-13
North Ayrshire and Arran,Scottish National Party,18.16,-15.24,True,https://www.electoralcalculus.co.uk/blogs/ec_vipoll_20260113.html,2026-01-13
North Durham,Reform UK,16.69,-25.45,True,https://www.electoralcalculus.co.uk/blogs/ec_vipoll_20260113.html,2026-01-13
North East Derbyshire,Reform UK,20.23,-18.59,True,https://www.electoralcalculus.co.uk/blogs/ec_vipoll_20260113.html,2026-01-13
North East Hertfordshire,Reform UK,20.44,-11.89,True,https://www.electoralcalculus.co.uk/blogs/ec_vipoll_20260113.html,2026-01-13
North Northumberland,Reform UK,19.74,-10.5,True,https://www.electoralcalculus.co.uk/blogs/ec_vipoll_20260113.html,2026-01-13
North Somerset,Conservative,14.08,-22.54,True,https://www.electoralcalculus.co.uk/blogs/ec_vipoll_20260113.html,2026-01-13
North Warwickshire and Bedworth,Reform UK,15.38,-31.0,True,https://www.electoralcalculus.co.uk/blogs/ec_vipoll_20260113.html,2026-01-13
North West Cambridgeshire,Reform UK,7.98,-32.86,True,https://www.electoralcalculus.co.uk/blogs/ec_vipoll_20260113.html,2026-01-13
North West Leicestershire,Reform UK,18.74,-21.61,True,https://www.electoralcalculus.co.uk/blogs/ec_vipoll_20260113.html,2026-01-13
Northampton North,Reform UK,21.76,-11.2,True,https://www.electoralcalculus.co.uk/blogs/ec_vipoll_20260113.html,2026-01-13
Northampton South,Reform UK,17.0,-13.51,True,https://www.electoralcalculus.co.uk/blogs/ec_vipoll_20260113.html,2026-01-13
Norwich North,Reform UK,23.11,-10.92,True,https://www.electoralcalculus.co.uk/blogs/ec_vipoll_20260113.html,2026-01-13
Norwich South,Green Party,18.59,-13.0,True,https://www.electoralcalculus.co.uk/blogs/ec_vipoll_20260113.html,2026-01-13
Nottingham East,Green Party,21.98,-7.6,True,https://www.electoralcalculus.co.uk/blogs/ec_vipoll_20260113.html,2026-01-13
Nottingham North and Kimberley,Reform UK,18.43,-22.7,True,https://www.electoralcalculus.co.uk/blogs/ec_vipoll_20260113.html,2026-01-13
Nottingham South,Reform UK,19.56,-14.12,True,https://www.electoralcalculus.co.uk/blogs/ec_vipoll_20260113.html,2026-01-13
Nuneaton,Reform UK,16.57,-21.82,True,https://www.electoralcalculus.co.uk/blogs/ec_vipoll_20260113.html,2026-01-13
Oldham East and Saddleworth,Reform UK,15.65,-23.23,True,https://www.electoralcalculus.co.uk/blogs/ec_vipoll_20260113.html,2026-01-13
"Oldham West, Chadderton and Royton",Reform UK,14.6,-25.27,True,https://www.electoralcalculus.co.uk/blogs/ec_vipoll_20260113.html,2026-01-13
Ossett and Denby Dale,Reform UK,21.02,-14.58,True,https://www.electoralcalculus.co.uk/blogs/ec_vipoll_20260113.html,2026-01-13
Oxford East,Green Party,21.47,-8.71,True,https://www.electoralcalculus.co.uk/blogs/ec_vipoll_20260113.html,2026-01-13
Paisley and Renfrewshire North,Scottish National Party,23.83,-8.86,True,https://www.electoralcalculus.co.uk/blogs/ec_vipoll_20260113.html,2026-01-13
Paisley and Renfrewshire South,Scottish National Party,24.04,-8.42,True,https://www.electoralcalculus.co.uk/blogs/ec_vipoll_20260113.html,2026-01-13
Peckham,Green Party,26.24,-13.56,True,https://www.electoralcalculus.co.uk/blogs/ec_vipoll_20260113.html,2026-01-13
Pendle and Clitheroe,Reform UK,12.43,-26.03,True,https://www.electoralcalculus.co.uk/blogs/ec_vipoll_20260113.html,2026-01-13
Penistone and Stocksbridge,Reform UK,36.68,-8.84,True,https://www.electoralcalculus.co.uk/blogs/ec_vipoll_20260113.html,2026-01-13
Penrith and Solway,Reform UK,22.08,-9.97,True,https://www.electoralcalculus.co.uk/blogs/ec_vipoll_20260113.html,2026-01-13
Peterborough,Reform UK,11.29,-26.16,True,https://www.electoralcalculus.co.uk/blogs/ec_vipoll_20260113.html,2026-01-13
Plymouth Moor View,Reform UK,19.9,-20.3,True,https://www.electoralcalculus.co.uk/blogs/ec_vipoll_20260113.html,2026-01-13
Plymouth Sutton and Devonport,Reform UK,20.7,-16.01,True,https://www.electoralcalculus.co.uk/blogs/ec_vipoll_20260113.html,2026-01-13
"Pontefract, Castleford and Knottingley",Reform UK,26.1,-29.23,True,https://www.electoralcalculus.co.uk/blogs/ec_vipoll_20260113.html,2026-01-13
Pontypridd,Reform UK,16.51,-16.22,True,https://www.electoralcalculus.co.uk/blogs/ec_vipoll_20260113.html,2026-01-13
Poole,Reform UK,15.54,-21.53,True,https://www.electoralcalculus.co.uk/blogs/ec_vipoll_20260113.html,2026-01-13
Poplar and Limehouse,Green Party,17.62,-14.21,True,https://www.electoralcalculus.co.uk/blogs/ec_vipoll_20260113.html,2026-01-13
Portsmouth North,Reform UK,12.02,-30.21,True,https://www.electoralcalculus.co.uk/blogs/ec_vipoll_20260113.html,2026-01-13
Portsmouth South,Reform UK,21.83,-9.12,True,https://www.electoralcalculus.co.uk/blogs/ec_vipoll_20260113.html,2026-01-13
Preston,Reform UK,16.03,-19.11,True,https://www.electoralcalculus.co.uk/blogs/ec_vipoll_20260113.html,2026-01-13
Putney,Labour,27.06,7.01,False,https://www.electoralcalculus.co.uk/blogs/ec_vipoll_20260113.html,2026-01-13
Queen's Park and Maida Vale,Green Party,25.72,-5.19,True,https://www.electoralcalculus.co.uk/blogs/ec_vipoll_20260113.html,2026-01-13
Rawmarsh and Conisbrough,Reform UK,20.9,-29.89,True,https://www.electoralcalculus.co.uk/blogs/ec_vipoll_20260113.html,2026-01-13
Reading Central,Green Party,24.25,-1.48,True,https://www.electoralcalculus.co.uk/blogs/ec_vipoll_20260113.html,2026-01-13
Reading West and Mid Berkshire,Reform UK,20.04,-9.6,True,https://www.electoralcalculus.co.uk/blogs/ec_vipoll_20260113.html,2026-01-13
Redcar,Reform UK,19.34,-22.73,True,https://www.electoralcalculus.co.uk/blogs/ec_vipoll_20260113.html,2026-01-13
Redditch,Reform UK,16.57,-25.53,True,https://www.electoralcalculus.co.uk/blogs/ec_vipoll_20260113.html,2026-01-13
Rhondda and Ogmore,Reform UK,11.26,-27.69,True,https://www.electoralcalculus.co.uk/blogs/ec_vipoll_20260113.html,2026-01-13
Ribble Valley,Reform UK,17.91,-17.07,True,https://www.electoralcalculus.co.uk/blogs/ec_vipoll_20260113.html,2026-01-13
Rochdale,Reform UK,15.34,-20.49,True,https://www.electoralcalculus.co.uk/blogs/ec_vipoll_20260113.html,2026-01-13
Rochester and Strood,Reform UK,12.0,-28.55,True,https://www.electoralcalculus.co.uk/blogs/ec_vipoll_20260113.html,2026-01-13
Rossendale and Darwen,Reform UK,20.15,-16.65,True,https://www.electoralcalculus.co.uk/blogs/ec_vipoll_20260113.html,2026-01-13
Rother Valley,Reform UK,21.19,-16.92,True,https://www.electoralcalculus.co.uk/blogs/ec_vipoll_20260113.html,2026-01-13
Rotherham,Reform UK,17.84,-31.57,True,https://www.electoralcalculus.co.uk/blogs/ec_vipoll_20260113.html,2026-01-13
Rugby,Reform UK,20.28,-15.02,True,https://www.electoralcalculus.co.uk/blogs/ec_vipoll_20260113.html,2026-01-13
Rushcliffe,Labour,24.57,0.35,False,https://www.electoralcalculus.co.uk/blogs/ec_vipoll_20260113.html,2026-01-13
Rutherglen,Scottish National Party,25.99,-4.76,True,https://www.electoralcalculus.co.uk/blogs/ec_vipoll_20260113.html,2026-01-13
Salford,Reform UK,22.13,-9.58,True,https://www.electoralcalculus.co.uk/blogs/ec_vipoll_20260113.html,2026-01-13
Scarborough and Whitby,Reform UK,19.2,-18.21,True,https://www.electoralcalculus.co.uk/blogs/ec_vipoll_20260113.html,2026-01-13
Scunthorpe,Reform UK,18.13,-21.82,True,https://www.electoralcalculus.co.uk/blogs/ec_vipoll_20260113.html,2026-01-13
Sefton Central,Labour,46.52,6.4,False,https://www.electoralcalculus.co.uk/blogs/ec_vipoll_20260113.html,2026-01-13
Selby,Reform UK,26.29,-11.66,True,https://www.electoralcalculus.co.uk/blogs/ec_vipoll_20260113.html,2026-01-13
Sheffield Brightside and Hillsborough,Reform UK,18.41,-9.92,True,https://www.electoralcalculus.co.uk/blogs/ec_vipoll_20260113.html,2026-01-13
Sheffield Central,Green Party,16.72,-30.12,True,https://www.electoralcalculus.co.uk/blogs/ec_vipoll_20260113.html,2026-01-13
Sheffield Hallam,Labour,29.06,4.89,False,https://www.electoralcalculus.co.uk/blogs/ec_vipoll_20260113.html,2026-01-13
Sheffield Heeley,Green Party,23.46,-0.23,True,https://www.electoralcalculus.co.uk/blogs/ec_vipoll_20260113.html,2026-01-13
Sheffield South East,Reform UK,31.64,-4.06,True,https://www.electoralcalculus.co.uk/blogs/ec_vipoll_20260113.html,2026-01-13
Sherwood Forest,Reform UK,17.59,-20.55,True,https://www.electoralcalculus.co.uk/blogs/ec_vipoll_20260113.html,2026-01-13
Shipley,Reform UK,22.04,-4.42,True,https://www.electoralcalculus.co.uk/blogs/ec_vipoll_20260113.html,2026-01-13
Shrewsbury,Reform UK,33.5,-0.5,True,https://www.electoralcalculus.co.uk/blogs/ec_vipoll_20260113.html,2026-01-13
Sittingbourne and Sheppey,Reform UK,7.33,-37.45,True,https://www.electoralcalculus.co.uk/blogs/ec_vipoll_20260113.html,2026-01-13
Slough,Reform UK,13.85,-12.69,True,https://www.electoralcalculus.co.uk/blogs/ec_vipoll_20260113.html,2026-01-13
Smethwick,Reform UK,18.39,-19.47,True,https://www.electoralcalculus.co.uk/blogs/ec_vipoll_20260113.html,2026-01-13
South Derbyshire,Reform UK,20.63,-14.55,True,https://www.electoralcalculus.co.uk/blogs/ec_vipoll_20260113.html,2026-01-13
South Dorset,Conservative,12.99,-20.32,True,https://www.electoralcalculus.co.uk/blogs/ec_vipoll_20260113.html,2026-01-13
South East Cornwall,Reform UK,14.45,-18.05,True,https://www.electoralcalculus.co.uk/blogs/ec_vipoll_20260113.html,2026-01-13
South Norfolk,Reform UK,18.54,-7.98,True,https://www.electoralcalculus.co.uk/blogs/ec_vipoll_20260113.html,2026-01-13
South Ribble,Reform UK,22.75,-11.02,True,https://www.electoralcalculus.co.uk/blogs/ec_vipoll_20260113.html,2026-01-13
South Shields,Reform UK,15.61,-27.3,True,https://www.electoralcalculus.co.uk/blogs/ec_vipoll_20260113.html,2026-01-13
South West Norfolk,Reform UK,9.12,-34.99,True,https://www.electoralcalculus.co.uk/blogs/ec_vipoll_20260113.html,2026-01-13
Southampton Itchen,Reform UK,19.93,-15.27,True,https://www.electoralcalculus.co.uk/blogs/ec_vipoll_20260113.html,2026-01-13
Southampton Test,Reform UK,18.21,-15.47,True,https://www.electoralcalculus.co.uk/blogs/ec_vipoll_20260113.html,2026-01-13
Southend East and Rochford,Reform UK,16.37,-18.52,True,https://www.electoralcalculus.co.uk/blogs/ec_vipoll_20260113.html,2026-01-13
Southend West and Leigh,Reform UK,18.0,-18.38,True,https://www.electoralcalculus.co.uk/blogs/ec_vipoll_20260113.html,2026-01-13
Southgate and Wood Green,Green Party,22.94,-3.0,True,https://www.electoralcalculus.co.uk/blogs/ec_vipoll_20260113.html,2026-01-13
Southport,Reform UK,21.97,-9.77,True,https://www.electoralcalculus.co.uk/blogs/ec_vipoll_20260113.html,2026-01-13
Spen Valley,Reform UK,18.68,-19.65,True,https://www.electoralcalculus.co.uk/blogs/ec_vipoll_20260113.html,2026-01-13
St Austell and Newquay,Reform UK,11.38,-23.29,True,https://www.electoralcalculus.co.uk/blogs/ec_vipoll_20260113.html,2026-01-13
St Helens North,Reform UK,24.21,-20.22,True,https://www.electoralcalculus.co.uk/blogs/ec_vipoll_20260113.html,2026-01-13
St Helens South and Whiston,Reform UK,20.93,-18.95,True,https://www.electoralcalculus.co.uk/blogs/ec_vipoll_20260113.html,2026-01-13
Stafford,Reform UK,16.57,-16.34,True,https://www.electoralcalculus.co.uk/blogs/ec_vipoll_20260113.html,2026-01-13
Stalybridge and Hyde,Reform UK,18.07,-23.91,True,https://www.electoralcalculus.co.uk/blogs/ec_vipoll_20260113.html,2026-01-13
Stevenage,Reform UK,25.01,-10.42,True,https://www.electoralcalculus.co.uk/blogs/ec_vipoll_20260113.html,2026-01-13
Stirling and Strathallan,Scottish National Party,15.44,-16.33,True,https://www.electoralcalculus.co.uk/blogs/ec_vipoll_20260113.html,2026-01-13
Stockport,Reform UK,22.17,-9.33,True,https://www.electoralcalculus.co.uk/blogs/ec_vipoll_20260113.html,2026-01-13
Stockton North,Reform UK,26.8,-18.25,True,https://www.electoralcalculus.co.uk/blogs/ec_vipoll_20260113.html,2026-01-13
Stoke-on-Trent Central,Reform UK,14.29,-33.25,True,https://www.electoralcalculus.co.uk/blogs/ec_vipoll_20260113.html,2026-01-13
Stoke-on-Trent North,Reform UK,16.98,-28.16,True,https://www.electoralcalculus.co.uk/blogs/ec_vipoll_20260113.html,2026-01-13
Stoke-on-Trent South,Reform UK,9.56,-33.59,True,https://www.electoralcalculus.co.uk/blogs/ec_vipoll_20260113.html,2026-01-13
Stourbridge,Reform UK,17.07,-23.28,True,https://www.electoralcalculus.co.uk/blogs/ec_vipoll_20260113.html,2026-01-13
Stratford and Bow,Green Party,18.96,-15.57,True,https://www.electoralcalculus.co.uk/blogs/ec_vipoll_20260113.html,2026-01-13
Streatham and Croydon North,Green Party,24.21,-8.42,True,https://www.electoralcalculus.co.uk/blogs/ec_vipoll_20260113.html,2026-01-13
Stretford and Urmston,Reform UK,30.06,-0.89,True,https://www.electoralcalculus.co.uk/blogs/ec_vipoll_20260113.html,2026-01-13
Stroud,Reform UK,24.79,-1.38,True,https://www.electoralcalculus.co.uk/blogs/ec_vipoll_20260113.html,2026-01-13
Suffolk Coastal,Conservative,13.26,-21.32,True,https://www.electoralcalculus.co.uk/blogs/ec_vipoll_20260113.html,2026-01-13
Sunderland Central,Reform UK,17.78,-25.78,True,https://www.electoralcalculus.co.uk/blogs/ec_vipoll_20260113.html,2026-01-13
Swansea West,Reform UK,16.5,-13.85,True,https://www.electoralcalculus.co.uk/blogs/ec_vipoll_20260113.html,2026-01-13
Swindon North,Reform UK,19.79,-18.1,True,https://www.electoralcalculus.co.uk/blogs/ec_vipoll_20260113.html,2026-01-13
Swindon South,Reform UK,24.54,-4.49,True,https://www.electoralcalculus.co.uk/blogs/ec_vipoll_20260113.html,2026-01-13
Tamworth,Reform UK,16.12,-29.96,True,https://www.electoralcalculus.co.uk/blogs/ec_vipoll_20260113.html,2026-01-13
Telford,Reform UK,25.96,-20.04,True,https://www.electoralcalculus.co.uk/blogs/ec_vipoll_20260113.html,2026-01-13
Thurrock,Reform UK,19.6,-23.68,True,https://www.electoralcalculus.co.uk/blogs/ec_vipoll_20260113.html,2026-01-13
Tipton and Wednesbury,Reform UK,15.28,-32.86,True,https://www.electoralcalculus.co.uk/blogs/ec_vipoll_20260113.html,2026-01-13
Tooting,Green Party,28.83,-0.29,True,https://www.electoralcalculus.co.uk/blogs/ec_vipoll_20260113.html,2026-01-13
Torfaen,Reform UK,16.87,-22.09,True,https://www.electoralcalculus.co.uk/blogs/ec_vipoll_20260113.html,2026-01-13
Tottenham,Green Party,25.0,-12.82,True,https://www.electoralcalculus.co.uk/blogs/ec_vipoll_20260113.html,2026-01-13
Truro and Falmouth,Reform UK,22.99,-3.12,True,https://www.electoralcalculus.co.uk/blogs/ec_vipoll_20260113.html,2026-01-13
Tynemouth,Labour,41.69,1.63,False,https://www.electoralcalculus.co.uk/blogs/ec_vipoll_20260113.html,2026-01-13
Uxbridge and South Ruislip,Conservative,17.19,-12.73,True,https://www.electoralcalculus.co.uk/blogs/ec_vipoll_20260113.html,2026-01-13
Vale of Glamorgan,Reform UK,19.19,-7.21,True,https://www.electoralcalculus.co.uk/blogs/ec_vipoll_20260113.html,2026-01-13
Vauxhall and Camberwell Green,Green Party,26.63,-11.71,True,https://www.electoralcalculus.co.uk/blogs/ec_vipoll_20260113.html,2026-01-13
Wakefield and Rothwell,Reform UK,23.14,-20.66,True,https://www.electoralcalculus.co.uk/blogs/ec_vipoll_20260113.html,2026-01-13
Wallasey,Reform UK,37.48,-1.91,True,https://www.electoralcalculus.co.uk/blogs/ec_vipoll_20260113.html,2026-01-13
Walsall and Bloxwich,Reform UK,9.54,-32.21,True,https://www.electoralcalculus.co.uk/blogs/ec_vipoll_20260113.html,2026-01-13
Walthamstow,Green Party,28.0,-9.28,True,https://www.electoralcalculus.co.uk/blogs/ec_vipoll_20260113.html,2026-01-13
Warrington North,Reform UK,30.36,-18.68,True,https://www.electoralcalculus.co.uk/blogs/ec_vipoll_20260113.html,2026-01-13
Warrington South,Labour,44.1,2.75,False,https://www.electoralcalculus.co.uk/blogs/ec_vipoll_20260113.html,2026-01-13
Warwick and Leamington,Labour,25.63,2.44,False,https://www.electoralcalculus.co.uk/blogs/ec_vipoll_20260113.html,2026-01-13
Washington and Gateshead South,Reform UK,29.01,-23.72,True,https://www.electoralcalculus.co.uk/blogs/ec_vipoll_20260113.html,2026-01-13
Watford,Reform UK,22.68,-2.09,True,https://www.electoralcalculus.co.uk/blogs/ec_vipoll_20260113.html,2026-01-13
Wellingborough and Rushden,Reform UK,16.48,-19.19,True,https://www.electoralcalculus.co.uk/blogs/ec_vipoll_20260113.html,2026-01-13
Welwyn Hatfield,Reform UK,23.55,-7.78,True,https://www.electoralcalculus.co.uk/blogs/ec_vipoll_20260113.html,2026-01-13
West Bromwich,Reform UK,24.04,-16.66,True,https://www.electoralcalculus.co.uk/blogs/ec_vipoll_20260113.html,2026-01-13
West Dunbartonshire,Scottish National Party,24.9,-9.54,True,https://www.electoralcalculus.co.uk/blogs/ec_vipoll_20260113.html,2026-01-13
West Ham and Beckton,Reform UK,19.1,-7.08,True,https://www.electoralcalculus.co.uk/blogs/ec_vipoll_20260113.html,2026-01-13
West Lancashire,Reform UK,42.88,-0.71,True,https://www.electoralcalculus.co.uk/blogs/ec_vipoll_20260113.html,2026-01-13
Weston-super-Mare,Reform UK,19.18,-13.79,True,https://www.electoralcalculus.co.uk/blogs/ec_vipoll_20260113.html,2026-01-13
Whitehaven and Workington,Reform UK,38.46,-11.45,True,https://www.electoralcalculus.co.uk/blogs/ec_vipoll_20260113.html,2026-01-13
Widnes and Halewood,Reform UK,42.32,-3.53,True,https://www.electoralcalculus.co.uk/blogs/ec_vipoll_20260113.html,2026-01-13
Wigan,Reform UK,30.55,-20.91,True,https://www.electoralcalculus.co.uk/blogs/ec_vipoll_20260113.html,2026-01-13
Wirral West,Labour,25.99,0.45,False,https://www.electoralcalculus.co.uk/blogs/ec_vipoll_20260113.html,2026-01-13
Wolverhampton North East,Reform UK,17.17,-24.3,True,https://www.electoralcalculus.co.uk/blogs/ec_vipoll_20260113.html,2026-01-13
Wolverhampton South East,Reform UK,16.44,-31.36,True,https://www.electoralcalculus.co.uk/blogs/ec_vipoll_20260113.html,2026-01-13
Wolverhampton West,Reform UK,20.36,-10.8,True,https://www.electoralcalculus.co.uk/blogs/ec_vipoll_20260113.html,2026-01-13
Worcester,Reform UK,20.12,-10.75,True,https://www.electoralcalculus.co.uk/blogs/ec_vipoll_20260113.html,2026-01-13
Worsley and Eccles,Reform UK,23.76,-18.57,True,https://www.electoralcalculus.co.uk/blogs/ec_vipoll_20260113.html,2026-01-13
Worthing West,Reform UK,20.88,-12.75,True,https://www.electoralcalculus.co.uk/blogs/ec_vipoll_20260113.html,2026-01-13
Wrexham,Reform UK,17.09,-14.32,True,https://www.electoralcalculus.co.uk/blogs/ec_vipoll_20260113.html,2026-01-13
Wycombe,Reform UK,17.56,-7.55,True,https://www.electoralcalculus.co.uk/blogs/ec_vipoll_20260113.html,2026-01-13
Wythenshawe and Sale East,Reform UK,22.98,-11.44,True,https://www.electoralcalculus.co.uk/blogs/ec_vipoll_20260113.html,2026-01-13
York Central,Labour,27.7,1.07,False,https://www.electoralcalculus.co.uk/blogs/ec_vipoll_20260113.html,2026-01-13
York Outer,Labour,29.12,6.31,False,https://www.electoralcalculus.co.uk/blogs/ec_vipoll_20260113.html,2026-01-13
